"Product Name","Category","Material Type","Style","Description","Available Sizes","Color Variants Count","Color Variants","Color Variants Detailed","Swatch Image URLs","Lifestyle / Room Image URLs","Price"
"Bianco Reale","XL Slabs","Matte & Polished Porcelain","MARBLES - STONES - CONCRETES","Inspired by the finest marbles around the world, our Slabs collection allows you to accomplish the look and feel of marble without the price tag. Create stunning, awe-inspiring floors, or get creative and use for accent walls or even countertops, the possibilities are endless.","63""x126"" R","1","Bianco Reale","Bianco Reale [https://raw.githubusercontent.com/arzL2o/roca-tile-2026-images/main/swatches/bianco-reale__bianco-reale__1.png, https://raw.githubusercontent.com/arzL2o/roca-tile-2026-images/main/swatches/bianco-reale__bianco-reale__2.png, https://raw.githubusercontent.com/arzL2o/roca-tile-2026-images/main/swatches/bianco-reale__bianco-reale__3.png, https://raw.githubusercontent.com/arzL2o/roca-tile-2026-images/main/swatches/bianco-reale__bianco-reale__4.png]","https://raw.githubusercontent.com/arzL2o/roca-tile-2026-images/main/swatches/bianco-reale__bianco-reale__1.png; https://raw.githubusercontent.com/arzL2o/roca-tile-2026-images/main/swatches/bianco-reale__bianco-reale__2.png; https://raw.githubusercontent.com/arzL2o/roca-tile-2026-images/main/swatches/bianco-reale__bianco-reale__3.png; https://raw.githubusercontent.com/arzL2o/roca-tile-2026-images/main/swatches/bianco-reale__bianco-reale__4.png","https://raw.githubusercontent.com/arzL2o/roca-tile-2026-images/main/lifestyle/bianco-reale__lifestyle__1.jpg",""
"Breccia Capraia","XL Slabs","Matte & Polished Porcelain","MARBLES - STONES - CONCRETES","","48""x98"" R","1","Breccia Capraia","Breccia Capraia [https://raw.githubusercontent.com/arzL2o/roca-tile-2026-images/main/swatches/breccia-capraia__breccia-capraia__1.png, https://raw.githubusercontent.com/arzL2o/roca-tile-2026-images/main/swatches/breccia-capraia__breccia-capraia__2.png, https://raw.githubusercontent.com/arzL2o/roca-tile-2026-images/main/swatches/breccia-capraia__breccia-capraia__3.png]","https://raw.githubusercontent.com/arzL2o/roca-tile-2026-images/main/swatches/breccia-capraia__breccia-capraia__1.png; https://raw.githubusercontent.com/arzL2o/roca-tile-2026-images/main/swatches/breccia-capraia__breccia-capraia__2.png; https://raw.githubusercontent.com/arzL2o/roca-tile-2026-images/main/swatches/breccia-capraia__breccia-capraia__3.png","https://raw.githubusercontent.com/arzL2o/roca-tile-2026-images/main/lifestyle/breccia-capraia__lifestyle__1.jpg",""
"Gran Calacata","XL Slabs","Matte & Polished Porcelain","MARBLES - STONES - CONCRETES","","63""x126"" R; 63""x63"" R","1","Gran Calacata","Gran Calacata [https://raw.githubusercontent.com/arzL2o/roca-tile-2026-images/main/swatches/gran-calacata__gran-calacata__1.png, https://raw.githubusercontent.com/arzL2o/roca-tile-2026-images/main/swatches/gran-calacata__gran-calacata__2.png, https://raw.githubusercontent.com/arzL2o/roca-tile-2026-images/main/swatches/gran-calacata__gran-calacata__3.png]","https://raw.githubusercontent.com/arzL2o/roca-tile-2026-images/main/swatches/gran-calacata__gran-calacata__1.png; https://raw.githubusercontent.com/arzL2o/roca-tile-2026-images/main/swatches/gran-calacata__gran-calacata__2.png; https://raw.githubusercontent.com/arzL2o/roca-tile-2026-images/main/swatches/gran-calacata__gran-calacata__3.png","https://raw.githubusercontent.com/arzL2o/roca-tile-2026-images/main/lifestyle/gran-calacata__lifestyle__1.jpg",""
"Kronos Greige","XL Slabs","Glazed Porcelain","MARBLES - STONES - CONCRETES","","63""x126"" R; 63""x63"" R","1","Kronos Greige","Kronos Greige [https://raw.githubusercontent.com/arzL2o/roca-tile-2026-images/main/swatches/kronos-greige__kronos-greige__1.png, https://raw.githubusercontent.com/arzL2o/roca-tile-2026-images/main/swatches/kronos-greige__kronos-greige__2.png]","https://raw.githubusercontent.com/arzL2o/roca-tile-2026-images/main/swatches/kronos-greige__kronos-greige__1.png; https://raw.githubusercontent.com/arzL2o/roca-tile-2026-images/main/swatches/kronos-greige__kronos-greige__2.png","https://raw.githubusercontent.com/arzL2o/roca-tile-2026-images/main/lifestyle/kronos-greige__lifestyle__1.jpg",""
"Kronos Off White","XL Slabs","Glazed Porcelain","MARBLES - STONES - CONCRETES","","63""x126"" R; 63""x63"" R","1","Kronos Off White","Kronos Off White [https://raw.githubusercontent.com/arzL2o/roca-tile-2026-images/main/swatches/kronos-off-white__kronos-off-white__1.png, https://raw.githubusercontent.com/arzL2o/roca-tile-2026-images/main/swatches/kronos-off-white__kronos-off-white__2.png, https://raw.githubusercontent.com/arzL2o/roca-tile-2026-images/main/swatches/kronos-off-white__kronos-off-white__3.png]","https://raw.githubusercontent.com/arzL2o/roca-tile-2026-images/main/swatches/kronos-off-white__kronos-off-white__1.png; https://raw.githubusercontent.com/arzL2o/roca-tile-2026-images/main/swatches/kronos-off-white__kronos-off-white__2.png; https://raw.githubusercontent.com/arzL2o/roca-tile-2026-images/main/swatches/kronos-off-white__kronos-off-white__3.png","https://raw.githubusercontent.com/arzL2o/roca-tile-2026-images/main/lifestyle/kronos-off-white__lifestyle__1.jpg",""
"Legno Rovere","XL Slabs","Matte & Polished Porcelain","MARBLES - STONES - CONCRETES","","48""x98"" R","1","Legno Rovere","Legno Rovere [https://raw.githubusercontent.com/arzL2o/roca-tile-2026-images/main/swatches/legno-rovere__legno-rovere__1.png, https://raw.githubusercontent.com/arzL2o/roca-tile-2026-images/main/swatches/legno-rovere__legno-rovere__2.png]","https://raw.githubusercontent.com/arzL2o/roca-tile-2026-images/main/swatches/legno-rovere__legno-rovere__1.png; https://raw.githubusercontent.com/arzL2o/roca-tile-2026-images/main/swatches/legno-rovere__legno-rovere__2.png","https://raw.githubusercontent.com/arzL2o/roca-tile-2026-images/main/lifestyle/legno-rovere__lifestyle__1.jpg",""
"Marble Parana","XL Slabs","Polished Porcelain","MARBLES - STONES - CONCRETES","Inspired by the finest marbles around the world, our Slabs collection allows you to accomplish the look and feel of marble without the price tag. Create stunning, awe-inspiring floors, or get creative and use for accent walls or even countertops, the possibilities are endless.","48""x98"" R; 48""x48"" R; 24""x48"" R","1","Marble Parana","Marble Parana [https://raw.githubusercontent.com/arzL2o/roca-tile-2026-images/main/swatches/marble-parana__marble-parana__1.png, https://raw.githubusercontent.com/arzL2o/roca-tile-2026-images/main/swatches/marble-parana__marble-parana__2.png, https://raw.githubusercontent.com/arzL2o/roca-tile-2026-images/main/swatches/marble-parana__marble-parana__3.png, https://raw.githubusercontent.com/arzL2o/roca-tile-2026-images/main/swatches/marble-parana__marble-parana__4.png]","https://raw.githubusercontent.com/arzL2o/roca-tile-2026-images/main/swatches/marble-parana__marble-parana__1.png; https://raw.githubusercontent.com/arzL2o/roca-tile-2026-images/main/swatches/marble-parana__marble-parana__2.png; https://raw.githubusercontent.com/arzL2o/roca-tile-2026-images/main/swatches/marble-parana__marble-parana__3.png; https://raw.githubusercontent.com/arzL2o/roca-tile-2026-images/main/swatches/marble-parana__marble-parana__4.png","https://raw.githubusercontent.com/arzL2o/roca-tile-2026-images/main/lifestyle/marble-parana__lifestyle__1.jpg; https://raw.githubusercontent.com/arzL2o/roca-tile-2026-images/main/lifestyle/marble-parana__lifestyle__2.jpg",""
"Nero Marquina","XL Slabs","Polished Porcelain","MARBLES - STONES - CONCRETES","","48""x98"" R","1","Nero Marquina","Nero Marquina [https://raw.githubusercontent.com/arzL2o/roca-tile-2026-images/main/swatches/nero-marquina__nero-marquina__1.png, https://raw.githubusercontent.com/arzL2o/roca-tile-2026-images/main/swatches/nero-marquina__nero-marquina__2.png]","https://raw.githubusercontent.com/arzL2o/roca-tile-2026-images/main/swatches/nero-marquina__nero-marquina__1.png; https://raw.githubusercontent.com/arzL2o/roca-tile-2026-images/main/swatches/nero-marquina__nero-marquina__2.png","https://raw.githubusercontent.com/arzL2o/roca-tile-2026-images/main/lifestyle/nero-marquina__lifestyle__1.jpg",""
"Nuage","XL Slabs","Matte & Polished Porcelain","MARBLES - STONES - CONCRETES","","63""x126"" R; 63""x63"" R","1","Nuage","Nuage [https://raw.githubusercontent.com/arzL2o/roca-tile-2026-images/main/swatches/nuage__nuage__1.png, https://raw.githubusercontent.com/arzL2o/roca-tile-2026-images/main/swatches/nuage__nuage__2.png]","https://raw.githubusercontent.com/arzL2o/roca-tile-2026-images/main/swatches/nuage__nuage__1.png; https://raw.githubusercontent.com/arzL2o/roca-tile-2026-images/main/swatches/nuage__nuage__2.png","https://raw.githubusercontent.com/arzL2o/roca-tile-2026-images/main/lifestyle/nuage__lifestyle__1.jpg",""
"Pantheon","XL Slabs","Polished Porcelain","MARBLES - STONES - CONCRETES","","48""x98"" R","1","Pantheon","Pantheon [https://raw.githubusercontent.com/arzL2o/roca-tile-2026-images/main/swatches/pantheon__pantheon__1.png, https://raw.githubusercontent.com/arzL2o/roca-tile-2026-images/main/swatches/pantheon__pantheon__2.png, https://raw.githubusercontent.com/arzL2o/roca-tile-2026-images/main/swatches/pantheon__pantheon__3.png]","https://raw.githubusercontent.com/arzL2o/roca-tile-2026-images/main/swatches/pantheon__pantheon__1.png; https://raw.githubusercontent.com/arzL2o/roca-tile-2026-images/main/swatches/pantheon__pantheon__2.png; https://raw.githubusercontent.com/arzL2o/roca-tile-2026-images/main/swatches/pantheon__pantheon__3.png","https://raw.githubusercontent.com/arzL2o/roca-tile-2026-images/main/lifestyle/pantheon__lifestyle__1.jpg",""
"Petra Grey","XL Slabs","Matte Porcelain","MARBLES - STONES - CONCRETES","","63""x126"" R","1","Petra Grey","Petra Grey [https://raw.githubusercontent.com/arzL2o/roca-tile-2026-images/main/swatches/petra-grey__petra-grey__1.png, https://raw.githubusercontent.com/arzL2o/roca-tile-2026-images/main/swatches/petra-grey__petra-grey__2.png]","https://raw.githubusercontent.com/arzL2o/roca-tile-2026-images/main/swatches/petra-grey__petra-grey__1.png; https://raw.githubusercontent.com/arzL2o/roca-tile-2026-images/main/swatches/petra-grey__petra-grey__2.png","https://raw.githubusercontent.com/arzL2o/roca-tile-2026-images/main/lifestyle/petra-grey__lifestyle__1.jpg; https://raw.githubusercontent.com/arzL2o/roca-tile-2026-images/main/lifestyle/petra-grey__lifestyle__2.jpg",""
"Riviere Cacao","XL Slabs","Matte Porcelain","MARBLES - STONES - CONCRETES","","48”x110” R","1","Riviere Cacao","Riviere Cacao [https://raw.githubusercontent.com/arzL2o/roca-tile-2026-images/main/swatches/riviere-cacao__riviere-cacao__1.png, https://raw.githubusercontent.com/arzL2o/roca-tile-2026-images/main/swatches/riviere-cacao__riviere-cacao__2.png]","https://raw.githubusercontent.com/arzL2o/roca-tile-2026-images/main/swatches/riviere-cacao__riviere-cacao__1.png; https://raw.githubusercontent.com/arzL2o/roca-tile-2026-images/main/swatches/riviere-cacao__riviere-cacao__2.png","https://raw.githubusercontent.com/arzL2o/roca-tile-2026-images/main/lifestyle/riviere-cacao__lifestyle__1.jpg",""
"Riviere Gris","XL Slabs","Matte Porcelain","MARBLES - STONES - CONCRETES","","48”x110” R","1","Riviere Gris","Riviere Gris [https://raw.githubusercontent.com/arzL2o/roca-tile-2026-images/main/swatches/riviere-gris__riviere-gris__1.png, https://raw.githubusercontent.com/arzL2o/roca-tile-2026-images/main/swatches/riviere-gris__riviere-gris__2.png, https://raw.githubusercontent.com/arzL2o/roca-tile-2026-images/main/swatches/riviere-gris__riviere-gris__3.png, https://raw.githubusercontent.com/arzL2o/roca-tile-2026-images/main/swatches/riviere-gris__riviere-gris__4.png]","https://raw.githubusercontent.com/arzL2o/roca-tile-2026-images/main/swatches/riviere-gris__riviere-gris__1.png; https://raw.githubusercontent.com/arzL2o/roca-tile-2026-images/main/swatches/riviere-gris__riviere-gris__2.png; https://raw.githubusercontent.com/arzL2o/roca-tile-2026-images/main/swatches/riviere-gris__riviere-gris__3.png; https://raw.githubusercontent.com/arzL2o/roca-tile-2026-images/main/swatches/riviere-gris__riviere-gris__4.png","https://raw.githubusercontent.com/arzL2o/roca-tile-2026-images/main/lifestyle/riviere-gris__lifestyle__1.jpg",""
"Rosso Lepanto","XL Slabs","Polished Porcelain","MARBLES - STONES - CONCRETES","","48""x98"" R","1","Rosso Lepanto","Rosso Lepanto [https://raw.githubusercontent.com/arzL2o/roca-tile-2026-images/main/swatches/rosso-lepanto__rosso-lepanto__1.png, https://raw.githubusercontent.com/arzL2o/roca-tile-2026-images/main/swatches/rosso-lepanto__rosso-lepanto__2.png]","https://raw.githubusercontent.com/arzL2o/roca-tile-2026-images/main/swatches/rosso-lepanto__rosso-lepanto__1.png; https://raw.githubusercontent.com/arzL2o/roca-tile-2026-images/main/swatches/rosso-lepanto__rosso-lepanto__2.png","https://raw.githubusercontent.com/arzL2o/roca-tile-2026-images/main/lifestyle/rosso-lepanto__lifestyle__1.jpg",""
"Serena Crosscut Bone","XL Slabs","Matte Porcelain","MARBLES - STONES - CONCRETES","","48”x110” R","1","Serena Crosscut Bone","Serena Crosscut Bone [https://raw.githubusercontent.com/arzL2o/roca-tile-2026-images/main/swatches/serena-crosscut-bone__serena-crosscut-bone__1.png]","https://raw.githubusercontent.com/arzL2o/roca-tile-2026-images/main/swatches/serena-crosscut-bone__serena-crosscut-bone__1.png","https://raw.githubusercontent.com/arzL2o/roca-tile-2026-images/main/lifestyle/serena-crosscut-bone__lifestyle__1.jpg",""
"Serena Crosscut Moka","XL Slabs","Matte Porcelain","MARBLES - STONES - CONCRETES","","48”x110” R","1","Serena Crosscut Moka","Serena Crosscut Moka [https://raw.githubusercontent.com/arzL2o/roca-tile-2026-images/main/swatches/serena-crosscut-moka__serena-crosscut-moka__1.png]","https://raw.githubusercontent.com/arzL2o/roca-tile-2026-images/main/swatches/serena-crosscut-moka__serena-crosscut-moka__1.png","https://raw.githubusercontent.com/arzL2o/roca-tile-2026-images/main/lifestyle/serena-crosscut-moka__lifestyle__1.jpg",""
"Serena Veincut Bone","XL Slabs","Matte Porcelain","MARBLES - STONES - CONCRETES","","48”x110” R","1","Serena Veincut Bone","Serena Veincut Bone [https://raw.githubusercontent.com/arzL2o/roca-tile-2026-images/main/swatches/serena-veincut-bone__serena-veincut-bone__1.png, https://raw.githubusercontent.com/arzL2o/roca-tile-2026-images/main/swatches/serena-veincut-bone__serena-veincut-bone__2.png]","https://raw.githubusercontent.com/arzL2o/roca-tile-2026-images/main/swatches/serena-veincut-bone__serena-veincut-bone__1.png; https://raw.githubusercontent.com/arzL2o/roca-tile-2026-images/main/swatches/serena-veincut-bone__serena-veincut-bone__2.png","https://raw.githubusercontent.com/arzL2o/roca-tile-2026-images/main/lifestyle/serena-veincut-bone__lifestyle__1.jpg",""
"Serena Veincut Moka","XL Slabs","Matte Porcelain","MARBLES - STONES - CONCRETES","","48”x110” R","1","Serena Veincut Moka","Serena Veincut Moka [https://raw.githubusercontent.com/arzL2o/roca-tile-2026-images/main/swatches/serena-veincut-moka__serena-veincut-moka__1.png]","https://raw.githubusercontent.com/arzL2o/roca-tile-2026-images/main/swatches/serena-veincut-moka__serena-veincut-moka__1.png","https://raw.githubusercontent.com/arzL2o/roca-tile-2026-images/main/lifestyle/serena-veincut-moka__lifestyle__1.jpg",""
"Taj Mahal","XL Slabs","Polished Porcelain","MARBLES - STONES - CONCRETES","","48""x98"" R; 24""x48"" R","11","Taj Mahal | walls, and areas that require a touch of exclusivity. | sophistication and beauty of the natural stone of | the same name, known for its warm tones and soft | textures. It features a surface with shades ranging | from light beige to soft gold, with organic veins | that flow delicately, giving it a naturaland elegant | appearance. Ideal for creating warm and sophisticated | environments, this porcelain tile combines the refined | aesthetic of Taj Mahal quartzite with the durability and | practicality of porcelain, making it perfect for floors,","Taj Mahal [https://raw.githubusercontent.com/arzL2o/roca-tile-2026-images/main/swatches/taj-mahal__taj-mahal__1.png, https://raw.githubusercontent.com/arzL2o/roca-tile-2026-images/main/swatches/taj-mahal__taj-mahal__2.png, https://raw.githubusercontent.com/arzL2o/roca-tile-2026-images/main/swatches/taj-mahal__taj-mahal__3.png, https://raw.githubusercontent.com/arzL2o/roca-tile-2026-images/main/swatches/taj-mahal__taj-mahal__4.png, https://raw.githubusercontent.com/arzL2o/roca-tile-2026-images/main/swatches/taj-mahal__taj-mahal__5.png, https://raw.githubusercontent.com/arzL2o/roca-tile-2026-images/main/swatches/taj-mahal__taj-mahal__6.png, https://raw.githubusercontent.com/arzL2o/roca-tile-2026-images/main/swatches/taj-mahal__taj-mahal__7.png] | walls, and areas that require a touch of exclusivity. [https://raw.githubusercontent.com/arzL2o/roca-tile-2026-images/main/swatches/taj-mahal__walls-and-areas-that-require-a-touch-of-exclusivity__1.png, https://raw.githubusercontent.com/arzL2o/roca-tile-2026-images/main/swatches/taj-mahal__walls-and-areas-that-require-a-touch-of-exclusivity__2.png] | sophistication and beauty of the natural stone of [no image extracted] | the same name, known for its warm tones and soft [no image extracted] | textures. It features a surface with shades ranging [no image extracted] | from light beige to soft gold, with organic veins [no image extracted] | that flow delicately, giving it a naturaland elegant [no image extracted] | appearance. Ideal for creating warm and sophisticated [no image extracted] | environments, this porcelain tile combines the refined [no image extracted] | aesthetic of Taj Mahal quartzite with the durability and [no image extracted] | practicality of porcelain, making it perfect for floors, [no image extracted]","https://raw.githubusercontent.com/arzL2o/roca-tile-2026-images/main/swatches/taj-mahal__taj-mahal__1.png; https://raw.githubusercontent.com/arzL2o/roca-tile-2026-images/main/swatches/taj-mahal__taj-mahal__2.png; https://raw.githubusercontent.com/arzL2o/roca-tile-2026-images/main/swatches/taj-mahal__taj-mahal__3.png; https://raw.githubusercontent.com/arzL2o/roca-tile-2026-images/main/swatches/taj-mahal__taj-mahal__4.png; https://raw.githubusercontent.com/arzL2o/roca-tile-2026-images/main/swatches/taj-mahal__taj-mahal__5.png; https://raw.githubusercontent.com/arzL2o/roca-tile-2026-images/main/swatches/taj-mahal__taj-mahal__6.png; https://raw.githubusercontent.com/arzL2o/roca-tile-2026-images/main/swatches/taj-mahal__taj-mahal__7.png; https://raw.githubusercontent.com/arzL2o/roca-tile-2026-images/main/swatches/taj-mahal__walls-and-areas-that-require-a-touch-of-exclusivity__1.png; https://raw.githubusercontent.com/arzL2o/roca-tile-2026-images/main/swatches/taj-mahal__walls-and-areas-that-require-a-touch-of-exclusivity__2.png","https://raw.githubusercontent.com/arzL2o/roca-tile-2026-images/main/lifestyle/taj-mahal__lifestyle__1.jpg; https://raw.githubusercontent.com/arzL2o/roca-tile-2026-images/main/lifestyle/taj-mahal__lifestyle__2.jpg",""
"Topazio","XL Slabs","Polished Porcelain","MARBLES - STONES - CONCRETES","","48""x98"" R","1","Topazio","Topazio [https://raw.githubusercontent.com/arzL2o/roca-tile-2026-images/main/swatches/topazio__topazio__1.png, https://raw.githubusercontent.com/arzL2o/roca-tile-2026-images/main/swatches/topazio__topazio__2.png]","https://raw.githubusercontent.com/arzL2o/roca-tile-2026-images/main/swatches/topazio__topazio__1.png; https://raw.githubusercontent.com/arzL2o/roca-tile-2026-images/main/swatches/topazio__topazio__2.png","https://raw.githubusercontent.com/arzL2o/roca-tile-2026-images/main/lifestyle/topazio__lifestyle__1.jpg",""
"Abaco","","Glazed Porcelain","INDUSTRIA L","Innovative, versatile and extremely functional, the Abaco collection takes the nuances of concrete to their highest expression, improving them with the durability of porcelain tile.","12""x24"" R","2","Arena | Gris","Arena [https://raw.githubusercontent.com/arzL2o/roca-tile-2026-images/main/swatches/abaco__arena__1.png, https://raw.githubusercontent.com/arzL2o/roca-tile-2026-images/main/swatches/abaco__arena__2.png] | Gris [https://raw.githubusercontent.com/arzL2o/roca-tile-2026-images/main/swatches/abaco__gris__1.png, https://raw.githubusercontent.com/arzL2o/roca-tile-2026-images/main/swatches/abaco__gris__2.png]","https://raw.githubusercontent.com/arzL2o/roca-tile-2026-images/main/swatches/abaco__arena__1.png; https://raw.githubusercontent.com/arzL2o/roca-tile-2026-images/main/swatches/abaco__arena__2.png; https://raw.githubusercontent.com/arzL2o/roca-tile-2026-images/main/swatches/abaco__gris__1.png; https://raw.githubusercontent.com/arzL2o/roca-tile-2026-images/main/swatches/abaco__gris__2.png","https://raw.githubusercontent.com/arzL2o/roca-tile-2026-images/main/lifestyle/abaco__lifestyle__1.jpg; https://raw.githubusercontent.com/arzL2o/roca-tile-2026-images/main/lifestyle/abaco__lifestyle__2.jpg",""
"Abbey","","Glazed Porcelain","WOODS","The Abbey collection will give any interior the warm charm of untreated wood. A simple, unadorned floor tile that expresses its naturalness in long planks, playing tribute to rustic floors.","8""x48"" R","4","Roble | Fresno | Gris | Vison","Roble [https://raw.githubusercontent.com/arzL2o/roca-tile-2026-images/main/swatches/abbey__roble__1.png, https://raw.githubusercontent.com/arzL2o/roca-tile-2026-images/main/swatches/abbey__roble__2.png] | Fresno [https://raw.githubusercontent.com/arzL2o/roca-tile-2026-images/main/swatches/abbey__fresno__1.png, https://raw.githubusercontent.com/arzL2o/roca-tile-2026-images/main/swatches/abbey__fresno__2.png] | Gris [https://raw.githubusercontent.com/arzL2o/roca-tile-2026-images/main/swatches/abbey__gris__1.png, https://raw.githubusercontent.com/arzL2o/roca-tile-2026-images/main/swatches/abbey__gris__2.png, https://raw.githubusercontent.com/arzL2o/roca-tile-2026-images/main/swatches/abbey__gris__3.png, https://raw.githubusercontent.com/arzL2o/roca-tile-2026-images/main/swatches/abbey__gris__4.png] | Vison [https://raw.githubusercontent.com/arzL2o/roca-tile-2026-images/main/swatches/abbey__vison__1.png, https://raw.githubusercontent.com/arzL2o/roca-tile-2026-images/main/swatches/abbey__vison__2.png, https://raw.githubusercontent.com/arzL2o/roca-tile-2026-images/main/swatches/abbey__vison__3.png, https://raw.githubusercontent.com/arzL2o/roca-tile-2026-images/main/swatches/abbey__vison__4.png]","https://raw.githubusercontent.com/arzL2o/roca-tile-2026-images/main/swatches/abbey__roble__1.png; https://raw.githubusercontent.com/arzL2o/roca-tile-2026-images/main/swatches/abbey__roble__2.png; https://raw.githubusercontent.com/arzL2o/roca-tile-2026-images/main/swatches/abbey__fresno__1.png; https://raw.githubusercontent.com/arzL2o/roca-tile-2026-images/main/swatches/abbey__fresno__2.png; https://raw.githubusercontent.com/arzL2o/roca-tile-2026-images/main/swatches/abbey__gris__1.png; https://raw.githubusercontent.com/arzL2o/roca-tile-2026-images/main/swatches/abbey__gris__2.png; https://raw.githubusercontent.com/arzL2o/roca-tile-2026-images/main/swatches/abbey__gris__3.png; https://raw.githubusercontent.com/arzL2o/roca-tile-2026-images/main/swatches/abbey__gris__4.png; https://raw.githubusercontent.com/arzL2o/roca-tile-2026-images/main/swatches/abbey__vison__1.png; https://raw.githubusercontent.com/arzL2o/roca-tile-2026-images/main/swatches/abbey__vison__2.png; https://raw.githubusercontent.com/arzL2o/roca-tile-2026-images/main/swatches/abbey__vison__3.png; https://raw.githubusercontent.com/arzL2o/roca-tile-2026-images/main/swatches/abbey__vison__4.png","https://raw.githubusercontent.com/arzL2o/roca-tile-2026-images/main/lifestyle/abbey__lifestyle__1.jpg",""
"Abbey Suite","","Ceramic Wall","WOODS","The Abbey Suites offer a three-dimensional complementary wall tile proposal in all four warm tones for the Abbey series. Adding texture and character to spaces through it's narrow or wide linear designs.","12""x36"" R","1","Suite Roble","Suite Roble [https://raw.githubusercontent.com/arzL2o/roca-tile-2026-images/main/swatches/abbey-suite__suite-roble__1.png, https://raw.githubusercontent.com/arzL2o/roca-tile-2026-images/main/swatches/abbey-suite__suite-roble__2.png, https://raw.githubusercontent.com/arzL2o/roca-tile-2026-images/main/swatches/abbey-suite__suite-roble__3.png, https://raw.githubusercontent.com/arzL2o/roca-tile-2026-images/main/swatches/abbey-suite__suite-roble__4.png, https://raw.githubusercontent.com/arzL2o/roca-tile-2026-images/main/swatches/abbey-suite__suite-roble__5.png]","https://raw.githubusercontent.com/arzL2o/roca-tile-2026-images/main/swatches/abbey-suite__suite-roble__1.png; https://raw.githubusercontent.com/arzL2o/roca-tile-2026-images/main/swatches/abbey-suite__suite-roble__2.png; https://raw.githubusercontent.com/arzL2o/roca-tile-2026-images/main/swatches/abbey-suite__suite-roble__3.png; https://raw.githubusercontent.com/arzL2o/roca-tile-2026-images/main/swatches/abbey-suite__suite-roble__4.png; https://raw.githubusercontent.com/arzL2o/roca-tile-2026-images/main/swatches/abbey-suite__suite-roble__5.png","https://raw.githubusercontent.com/arzL2o/roca-tile-2026-images/main/lifestyle/abbey-suite__lifestyle__1.jpg",""
"Agata","Slabs","Matte & Polished Porcelain","MARBLES - STONES - CONCRETES","","24""x48"" R","1","Agata","Agata [https://raw.githubusercontent.com/arzL2o/roca-tile-2026-images/main/swatches/agata__agata__1.png, https://raw.githubusercontent.com/arzL2o/roca-tile-2026-images/main/swatches/agata__agata__2.png]","https://raw.githubusercontent.com/arzL2o/roca-tile-2026-images/main/swatches/agata__agata__1.png; https://raw.githubusercontent.com/arzL2o/roca-tile-2026-images/main/swatches/agata__agata__2.png","https://raw.githubusercontent.com/arzL2o/roca-tile-2026-images/main/lifestyle/agata__lifestyle__1.jpg",""
"Alaska","","Polished Porcelain","MA RBLES","The Alaska White boasts graceful gray veining which give rise to interesting contrasts between its delicate veins and its homogeneous white base, making it a perfect ally for interior design.","24""x48"" R","1","White","White [https://raw.githubusercontent.com/arzL2o/roca-tile-2026-images/main/swatches/alaska__white__1.png, https://raw.githubusercontent.com/arzL2o/roca-tile-2026-images/main/swatches/alaska__white__2.png, https://raw.githubusercontent.com/arzL2o/roca-tile-2026-images/main/swatches/alaska__white__3.png, https://raw.githubusercontent.com/arzL2o/roca-tile-2026-images/main/swatches/alaska__white__4.png, https://raw.githubusercontent.com/arzL2o/roca-tile-2026-images/main/swatches/alaska__white__5.png, https://raw.githubusercontent.com/arzL2o/roca-tile-2026-images/main/swatches/alaska__white__6.png, https://raw.githubusercontent.com/arzL2o/roca-tile-2026-images/main/swatches/alaska__white__7.png, https://raw.githubusercontent.com/arzL2o/roca-tile-2026-images/main/swatches/alaska__white__8.png]","https://raw.githubusercontent.com/arzL2o/roca-tile-2026-images/main/swatches/alaska__white__1.png; https://raw.githubusercontent.com/arzL2o/roca-tile-2026-images/main/swatches/alaska__white__2.png; https://raw.githubusercontent.com/arzL2o/roca-tile-2026-images/main/swatches/alaska__white__3.png; https://raw.githubusercontent.com/arzL2o/roca-tile-2026-images/main/swatches/alaska__white__4.png; https://raw.githubusercontent.com/arzL2o/roca-tile-2026-images/main/swatches/alaska__white__5.png; https://raw.githubusercontent.com/arzL2o/roca-tile-2026-images/main/swatches/alaska__white__6.png; https://raw.githubusercontent.com/arzL2o/roca-tile-2026-images/main/swatches/alaska__white__7.png; https://raw.githubusercontent.com/arzL2o/roca-tile-2026-images/main/swatches/alaska__white__8.png","https://raw.githubusercontent.com/arzL2o/roca-tile-2026-images/main/lifestyle/alaska__lifestyle__1.jpg",""
"Alba","","Glazed Porcelain & Ceramic Wall","PAT T ERNED & DECO TILES","Inspired by the quiet beauty of natural stone, this porcelain collection features soft veining, gentle tonal movement, and a luminous glossy finish. Each piece reflects subtle variation, creating surfaces that feel warm, refined, and effortlessly timeless.","8""x8""; 3""x12""; 2""x8""","3","Bianco | Crema | Avorio","Bianco [https://raw.githubusercontent.com/arzL2o/roca-tile-2026-images/main/swatches/alba__bianco__1.png, https://raw.githubusercontent.com/arzL2o/roca-tile-2026-images/main/swatches/alba__bianco__2.png, https://raw.githubusercontent.com/arzL2o/roca-tile-2026-images/main/swatches/alba__bianco__3.png, https://raw.githubusercontent.com/arzL2o/roca-tile-2026-images/main/swatches/alba__bianco__4.png, https://raw.githubusercontent.com/arzL2o/roca-tile-2026-images/main/swatches/alba__bianco__5.png, https://raw.githubusercontent.com/arzL2o/roca-tile-2026-images/main/swatches/alba__bianco__6.png, https://raw.githubusercontent.com/arzL2o/roca-tile-2026-images/main/swatches/alba__bianco__7.png, https://raw.githubusercontent.com/arzL2o/roca-tile-2026-images/main/swatches/alba__bianco__8.png, https://raw.githubusercontent.com/arzL2o/roca-tile-2026-images/main/swatches/alba__bianco__9.png] | Crema [https://raw.githubusercontent.com/arzL2o/roca-tile-2026-images/main/swatches/alba__crema__1.png, https://raw.githubusercontent.com/arzL2o/roca-tile-2026-images/main/swatches/alba__crema__2.png, https://raw.githubusercontent.com/arzL2o/roca-tile-2026-images/main/swatches/alba__crema__3.png, https://raw.githubusercontent.com/arzL2o/roca-tile-2026-images/main/swatches/alba__crema__4.png, https://raw.githubusercontent.com/arzL2o/roca-tile-2026-images/main/swatches/alba__crema__5.png, https://raw.githubusercontent.com/arzL2o/roca-tile-2026-images/main/swatches/alba__crema__6.png, https://raw.githubusercontent.com/arzL2o/roca-tile-2026-images/main/swatches/alba__crema__7.png, https://raw.githubusercontent.com/arzL2o/roca-tile-2026-images/main/swatches/alba__crema__8.png, https://raw.githubusercontent.com/arzL2o/roca-tile-2026-images/main/swatches/alba__crema__9.png, https://raw.githubusercontent.com/arzL2o/roca-tile-2026-images/main/swatches/alba__crema__10.png, https://raw.githubusercontent.com/arzL2o/roca-tile-2026-images/main/swatches/alba__crema__11.png, https://raw.githubusercontent.com/arzL2o/roca-tile-2026-images/main/swatches/alba__crema__12.png, https://raw.githubusercontent.com/arzL2o/roca-tile-2026-images/main/swatches/alba__crema__13.png, https://raw.githubusercontent.com/arzL2o/roca-tile-2026-images/main/swatches/alba__crema__14.png, https://raw.githubusercontent.com/arzL2o/roca-tile-2026-images/main/swatches/alba__crema__15.png, https://raw.githubusercontent.com/arzL2o/roca-tile-2026-images/main/swatches/alba__crema__16.png, https://raw.githubusercontent.com/arzL2o/roca-tile-2026-images/main/swatches/alba__crema__17.png] | Avorio [https://raw.githubusercontent.com/arzL2o/roca-tile-2026-images/main/swatches/alba__avorio__1.png, https://raw.githubusercontent.com/arzL2o/roca-tile-2026-images/main/swatches/alba__avorio__2.png, https://raw.githubusercontent.com/arzL2o/roca-tile-2026-images/main/swatches/alba__avorio__3.png, https://raw.githubusercontent.com/arzL2o/roca-tile-2026-images/main/swatches/alba__avorio__4.png, https://raw.githubusercontent.com/arzL2o/roca-tile-2026-images/main/swatches/alba__avorio__5.png, https://raw.githubusercontent.com/arzL2o/roca-tile-2026-images/main/swatches/alba__avorio__6.png, https://raw.githubusercontent.com/arzL2o/roca-tile-2026-images/main/swatches/alba__avorio__7.png]","https://raw.githubusercontent.com/arzL2o/roca-tile-2026-images/main/swatches/alba__bianco__1.png; https://raw.githubusercontent.com/arzL2o/roca-tile-2026-images/main/swatches/alba__bianco__2.png; https://raw.githubusercontent.com/arzL2o/roca-tile-2026-images/main/swatches/alba__bianco__3.png; https://raw.githubusercontent.com/arzL2o/roca-tile-2026-images/main/swatches/alba__bianco__4.png; https://raw.githubusercontent.com/arzL2o/roca-tile-2026-images/main/swatches/alba__bianco__5.png; https://raw.githubusercontent.com/arzL2o/roca-tile-2026-images/main/swatches/alba__bianco__6.png; https://raw.githubusercontent.com/arzL2o/roca-tile-2026-images/main/swatches/alba__bianco__7.png; https://raw.githubusercontent.com/arzL2o/roca-tile-2026-images/main/swatches/alba__bianco__8.png; https://raw.githubusercontent.com/arzL2o/roca-tile-2026-images/main/swatches/alba__bianco__9.png; https://raw.githubusercontent.com/arzL2o/roca-tile-2026-images/main/swatches/alba__crema__1.png; https://raw.githubusercontent.com/arzL2o/roca-tile-2026-images/main/swatches/alba__crema__2.png; https://raw.githubusercontent.com/arzL2o/roca-tile-2026-images/main/swatches/alba__crema__3.png; https://raw.githubusercontent.com/arzL2o/roca-tile-2026-images/main/swatches/alba__crema__4.png; https://raw.githubusercontent.com/arzL2o/roca-tile-2026-images/main/swatches/alba__crema__5.png; https://raw.githubusercontent.com/arzL2o/roca-tile-2026-images/main/swatches/alba__crema__6.png; https://raw.githubusercontent.com/arzL2o/roca-tile-2026-images/main/swatches/alba__crema__7.png; https://raw.githubusercontent.com/arzL2o/roca-tile-2026-images/main/swatches/alba__crema__8.png; https://raw.githubusercontent.com/arzL2o/roca-tile-2026-images/main/swatches/alba__crema__9.png; https://raw.githubusercontent.com/arzL2o/roca-tile-2026-images/main/swatches/alba__crema__10.png; https://raw.githubusercontent.com/arzL2o/roca-tile-2026-images/main/swatches/alba__crema__11.png; https://raw.githubusercontent.com/arzL2o/roca-tile-2026-images/main/swatches/alba__crema__12.png; https://raw.githubusercontent.com/arzL2o/roca-tile-2026-images/main/swatches/alba__crema__13.png; https://raw.githubusercontent.com/arzL2o/roca-tile-2026-images/main/swatches/alba__crema__14.png; https://raw.githubusercontent.com/arzL2o/roca-tile-2026-images/main/swatches/alba__crema__15.png; https://raw.githubusercontent.com/arzL2o/roca-tile-2026-images/main/swatches/alba__crema__16.png; https://raw.githubusercontent.com/arzL2o/roca-tile-2026-images/main/swatches/alba__crema__17.png; https://raw.githubusercontent.com/arzL2o/roca-tile-2026-images/main/swatches/alba__avorio__1.png; https://raw.githubusercontent.com/arzL2o/roca-tile-2026-images/main/swatches/alba__avorio__2.png; https://raw.githubusercontent.com/arzL2o/roca-tile-2026-images/main/swatches/alba__avorio__3.png; https://raw.githubusercontent.com/arzL2o/roca-tile-2026-images/main/swatches/alba__avorio__4.png; https://raw.githubusercontent.com/arzL2o/roca-tile-2026-images/main/swatches/alba__avorio__5.png; https://raw.githubusercontent.com/arzL2o/roca-tile-2026-images/main/swatches/alba__avorio__6.png; https://raw.githubusercontent.com/arzL2o/roca-tile-2026-images/main/swatches/alba__avorio__7.png","https://raw.githubusercontent.com/arzL2o/roca-tile-2026-images/main/lifestyle/alba__lifestyle__1.jpg",""
"Amber","","Ceramic Wall","HA NDMA DE","A fusion of warmth and craft. The Amber collection blends handcrafted character with modern design. Glossy finishes and rich tones of terracotta, navy, and soft neutrals create a dynamic surface full of depth and warmth. Perfect for adding texture, color, and timeless charm to any space.","2""x20""","6","Opal | Sandstone | Copper | Burgundy | Emerald | Sapphire","Opal [https://raw.githubusercontent.com/arzL2o/roca-tile-2026-images/main/swatches/amber__opal__1.png, https://raw.githubusercontent.com/arzL2o/roca-tile-2026-images/main/swatches/amber__opal__2.png, https://raw.githubusercontent.com/arzL2o/roca-tile-2026-images/main/swatches/amber__opal__3.png, https://raw.githubusercontent.com/arzL2o/roca-tile-2026-images/main/swatches/amber__opal__4.png, https://raw.githubusercontent.com/arzL2o/roca-tile-2026-images/main/swatches/amber__opal__5.png] | Sandstone [https://raw.githubusercontent.com/arzL2o/roca-tile-2026-images/main/swatches/amber__sandstone__1.png, https://raw.githubusercontent.com/arzL2o/roca-tile-2026-images/main/swatches/amber__sandstone__2.png, https://raw.githubusercontent.com/arzL2o/roca-tile-2026-images/main/swatches/amber__sandstone__3.png] | Copper [https://raw.githubusercontent.com/arzL2o/roca-tile-2026-images/main/swatches/amber__copper__1.png, https://raw.githubusercontent.com/arzL2o/roca-tile-2026-images/main/swatches/amber__copper__2.png, https://raw.githubusercontent.com/arzL2o/roca-tile-2026-images/main/swatches/amber__copper__3.png, https://raw.githubusercontent.com/arzL2o/roca-tile-2026-images/main/swatches/amber__copper__4.png, https://raw.githubusercontent.com/arzL2o/roca-tile-2026-images/main/swatches/amber__copper__5.png, https://raw.githubusercontent.com/arzL2o/roca-tile-2026-images/main/swatches/amber__copper__6.png, https://raw.githubusercontent.com/arzL2o/roca-tile-2026-images/main/swatches/amber__copper__7.png] | Burgundy [https://raw.githubusercontent.com/arzL2o/roca-tile-2026-images/main/swatches/amber__burgundy__1.png, https://raw.githubusercontent.com/arzL2o/roca-tile-2026-images/main/swatches/amber__burgundy__2.png, https://raw.githubusercontent.com/arzL2o/roca-tile-2026-images/main/swatches/amber__burgundy__3.png, https://raw.githubusercontent.com/arzL2o/roca-tile-2026-images/main/swatches/amber__burgundy__4.png] | Emerald [https://raw.githubusercontent.com/arzL2o/roca-tile-2026-images/main/swatches/amber__emerald__1.png, https://raw.githubusercontent.com/arzL2o/roca-tile-2026-images/main/swatches/amber__emerald__2.png, https://raw.githubusercontent.com/arzL2o/roca-tile-2026-images/main/swatches/amber__emerald__3.png, https://raw.githubusercontent.com/arzL2o/roca-tile-2026-images/main/swatches/amber__emerald__4.png, https://raw.githubusercontent.com/arzL2o/roca-tile-2026-images/main/swatches/amber__emerald__5.png] | Sapphire [https://raw.githubusercontent.com/arzL2o/roca-tile-2026-images/main/swatches/amber__sapphire__1.png, https://raw.githubusercontent.com/arzL2o/roca-tile-2026-images/main/swatches/amber__sapphire__2.png, https://raw.githubusercontent.com/arzL2o/roca-tile-2026-images/main/swatches/amber__sapphire__3.png, https://raw.githubusercontent.com/arzL2o/roca-tile-2026-images/main/swatches/amber__sapphire__4.png, https://raw.githubusercontent.com/arzL2o/roca-tile-2026-images/main/swatches/amber__sapphire__5.png, https://raw.githubusercontent.com/arzL2o/roca-tile-2026-images/main/swatches/amber__sapphire__6.png]","https://raw.githubusercontent.com/arzL2o/roca-tile-2026-images/main/swatches/amber__opal__1.png; https://raw.githubusercontent.com/arzL2o/roca-tile-2026-images/main/swatches/amber__opal__2.png; https://raw.githubusercontent.com/arzL2o/roca-tile-2026-images/main/swatches/amber__opal__3.png; https://raw.githubusercontent.com/arzL2o/roca-tile-2026-images/main/swatches/amber__opal__4.png; https://raw.githubusercontent.com/arzL2o/roca-tile-2026-images/main/swatches/amber__opal__5.png; https://raw.githubusercontent.com/arzL2o/roca-tile-2026-images/main/swatches/amber__sandstone__1.png; https://raw.githubusercontent.com/arzL2o/roca-tile-2026-images/main/swatches/amber__sandstone__2.png; https://raw.githubusercontent.com/arzL2o/roca-tile-2026-images/main/swatches/amber__sandstone__3.png; https://raw.githubusercontent.com/arzL2o/roca-tile-2026-images/main/swatches/amber__copper__1.png; https://raw.githubusercontent.com/arzL2o/roca-tile-2026-images/main/swatches/amber__copper__2.png; https://raw.githubusercontent.com/arzL2o/roca-tile-2026-images/main/swatches/amber__copper__3.png; https://raw.githubusercontent.com/arzL2o/roca-tile-2026-images/main/swatches/amber__copper__4.png; https://raw.githubusercontent.com/arzL2o/roca-tile-2026-images/main/swatches/amber__copper__5.png; https://raw.githubusercontent.com/arzL2o/roca-tile-2026-images/main/swatches/amber__copper__6.png; https://raw.githubusercontent.com/arzL2o/roca-tile-2026-images/main/swatches/amber__copper__7.png; https://raw.githubusercontent.com/arzL2o/roca-tile-2026-images/main/swatches/amber__burgundy__1.png; https://raw.githubusercontent.com/arzL2o/roca-tile-2026-images/main/swatches/amber__burgundy__2.png; https://raw.githubusercontent.com/arzL2o/roca-tile-2026-images/main/swatches/amber__burgundy__3.png; https://raw.githubusercontent.com/arzL2o/roca-tile-2026-images/main/swatches/amber__burgundy__4.png; https://raw.githubusercontent.com/arzL2o/roca-tile-2026-images/main/swatches/amber__emerald__1.png; https://raw.githubusercontent.com/arzL2o/roca-tile-2026-images/main/swatches/amber__emerald__2.png; https://raw.githubusercontent.com/arzL2o/roca-tile-2026-images/main/swatches/amber__emerald__3.png; https://raw.githubusercontent.com/arzL2o/roca-tile-2026-images/main/swatches/amber__emerald__4.png; https://raw.githubusercontent.com/arzL2o/roca-tile-2026-images/main/swatches/amber__emerald__5.png; https://raw.githubusercontent.com/arzL2o/roca-tile-2026-images/main/swatches/amber__sapphire__1.png; https://raw.githubusercontent.com/arzL2o/roca-tile-2026-images/main/swatches/amber__sapphire__2.png; https://raw.githubusercontent.com/arzL2o/roca-tile-2026-images/main/swatches/amber__sapphire__3.png; https://raw.githubusercontent.com/arzL2o/roca-tile-2026-images/main/swatches/amber__sapphire__4.png; https://raw.githubusercontent.com/arzL2o/roca-tile-2026-images/main/swatches/amber__sapphire__5.png; https://raw.githubusercontent.com/arzL2o/roca-tile-2026-images/main/swatches/amber__sapphire__6.png","https://raw.githubusercontent.com/arzL2o/roca-tile-2026-images/main/lifestyle/amber__lifestyle__1.jpg",""
"Artesano","","Ceramic Wall","HA NDMA DE","Handmade look tiles inspire Artesano. Features a broader offer of neutral colors, it’s perfect for adding a touch of luxury to any room. Artesano provides a timeless look in every space where its placed.","3""x12""","4","Biscuit | White Ice | Neu Gray | Black","Biscuit [https://raw.githubusercontent.com/arzL2o/roca-tile-2026-images/main/swatches/artesano__biscuit__1.png] | White Ice [https://raw.githubusercontent.com/arzL2o/roca-tile-2026-images/main/swatches/artesano__white-ice__1.png, https://raw.githubusercontent.com/arzL2o/roca-tile-2026-images/main/swatches/artesano__white-ice__2.png] | Neu Gray [https://raw.githubusercontent.com/arzL2o/roca-tile-2026-images/main/swatches/artesano__neu-gray__1.png] | Black [https://raw.githubusercontent.com/arzL2o/roca-tile-2026-images/main/swatches/artesano__black__1.png, https://raw.githubusercontent.com/arzL2o/roca-tile-2026-images/main/swatches/artesano__black__2.png]","https://raw.githubusercontent.com/arzL2o/roca-tile-2026-images/main/swatches/artesano__biscuit__1.png; https://raw.githubusercontent.com/arzL2o/roca-tile-2026-images/main/swatches/artesano__white-ice__1.png; https://raw.githubusercontent.com/arzL2o/roca-tile-2026-images/main/swatches/artesano__white-ice__2.png; https://raw.githubusercontent.com/arzL2o/roca-tile-2026-images/main/swatches/artesano__neu-gray__1.png; https://raw.githubusercontent.com/arzL2o/roca-tile-2026-images/main/swatches/artesano__black__1.png; https://raw.githubusercontent.com/arzL2o/roca-tile-2026-images/main/swatches/artesano__black__2.png","https://raw.githubusercontent.com/arzL2o/roca-tile-2026-images/main/lifestyle/artesano__lifestyle__1.jpg",""
"Athea","Slabs","Matte & Polished Porcelain","MARBLES - STONES - CONCRETES","","48""x48"" R; 24""x48"" R","1","Athea","Athea [https://raw.githubusercontent.com/arzL2o/roca-tile-2026-images/main/swatches/athea__athea__1.png]","https://raw.githubusercontent.com/arzL2o/roca-tile-2026-images/main/swatches/athea__athea__1.png","https://raw.githubusercontent.com/arzL2o/roca-tile-2026-images/main/lifestyle/athea__lifestyle__1.jpg",""
"Aura","","Ceramic Wall","HA NDMA DE","Boasting a glossy finish and superior graphics. This series offer a lustrous, reflective surface that enhances the depth and elegance of any space, blending art with advanced technology to create a contemporary and inviting atmosphere.","4""x12""","3","Ocean Blue | Seashell | Aquamarine","Ocean Blue [https://raw.githubusercontent.com/arzL2o/roca-tile-2026-images/main/swatches/aura__ocean-blue__1.png, https://raw.githubusercontent.com/arzL2o/roca-tile-2026-images/main/swatches/aura__ocean-blue__2.png] | Seashell [https://raw.githubusercontent.com/arzL2o/roca-tile-2026-images/main/swatches/aura__seashell__1.png] | Aquamarine [https://raw.githubusercontent.com/arzL2o/roca-tile-2026-images/main/swatches/aura__aquamarine__1.png]","https://raw.githubusercontent.com/arzL2o/roca-tile-2026-images/main/swatches/aura__ocean-blue__1.png; https://raw.githubusercontent.com/arzL2o/roca-tile-2026-images/main/swatches/aura__ocean-blue__2.png; https://raw.githubusercontent.com/arzL2o/roca-tile-2026-images/main/swatches/aura__seashell__1.png; https://raw.githubusercontent.com/arzL2o/roca-tile-2026-images/main/swatches/aura__aquamarine__1.png","https://raw.githubusercontent.com/arzL2o/roca-tile-2026-images/main/lifestyle/aura__lifestyle__1.jpg; https://raw.githubusercontent.com/arzL2o/roca-tile-2026-images/main/lifestyle/aura__lifestyle__2.jpg",""
"Avalon","","Glazed Porcelain","STONES","Elegance in essence. A distinctive fusion of stone textures and advanced technology in a floor-to-wall format for extraordinary porcelain tiles. Avalon is a exceptional fusion of stone textures, combined in a unique way.","24""x48"" R; 12""x36"" R; 24""x24"" R; 12""x24"" R; 24""x36"" R","4","Arena | Blanco | Suite Avalon Arena | Suite Avalon Blanco","Arena [https://raw.githubusercontent.com/arzL2o/roca-tile-2026-images/main/swatches/avalon__arena__1.png] | Blanco [https://raw.githubusercontent.com/arzL2o/roca-tile-2026-images/main/swatches/avalon__blanco__1.png] | Suite Avalon Arena [https://raw.githubusercontent.com/arzL2o/roca-tile-2026-images/main/swatches/avalon__suite-avalon-arena__1.png] | Suite Avalon Blanco [https://raw.githubusercontent.com/arzL2o/roca-tile-2026-images/main/swatches/avalon__suite-avalon-blanco__1.png]","https://raw.githubusercontent.com/arzL2o/roca-tile-2026-images/main/swatches/avalon__arena__1.png; https://raw.githubusercontent.com/arzL2o/roca-tile-2026-images/main/swatches/avalon__blanco__1.png; https://raw.githubusercontent.com/arzL2o/roca-tile-2026-images/main/swatches/avalon__suite-avalon-arena__1.png; https://raw.githubusercontent.com/arzL2o/roca-tile-2026-images/main/swatches/avalon__suite-avalon-blanco__1.png","https://raw.githubusercontent.com/arzL2o/roca-tile-2026-images/main/lifestyle/avalon__lifestyle__1.jpg",""
"Avenue","","Glazed Porcelain","MA RBLES","Where elegance meets versatility. With its exquisite marble design in a range of cool and warm hues, this porcelain tile series offers a sophisticated yet adaptable solution for creating spaces that exude luxury and timeless charm.","21""x21""","2","Gold | Grey","Gold [https://raw.githubusercontent.com/arzL2o/roca-tile-2026-images/main/swatches/avenue__gold__1.png, https://raw.githubusercontent.com/arzL2o/roca-tile-2026-images/main/swatches/avenue__gold__2.png] | Grey [https://raw.githubusercontent.com/arzL2o/roca-tile-2026-images/main/swatches/avenue__grey__1.png, https://raw.githubusercontent.com/arzL2o/roca-tile-2026-images/main/swatches/avenue__grey__2.png]","https://raw.githubusercontent.com/arzL2o/roca-tile-2026-images/main/swatches/avenue__gold__1.png; https://raw.githubusercontent.com/arzL2o/roca-tile-2026-images/main/swatches/avenue__gold__2.png; https://raw.githubusercontent.com/arzL2o/roca-tile-2026-images/main/swatches/avenue__grey__1.png; https://raw.githubusercontent.com/arzL2o/roca-tile-2026-images/main/swatches/avenue__grey__2.png","https://raw.githubusercontent.com/arzL2o/roca-tile-2026-images/main/lifestyle/avenue__lifestyle__1.jpg; https://raw.githubusercontent.com/arzL2o/roca-tile-2026-images/main/lifestyle/avenue__lifestyle__2.jpg",""
"Baltic","","Color Body Porcelain","INDUSTRIA L","Inspired by the windswept sands of the Baltic Sea, this collection reflects the understated beauty and tranquil essence of northern shores. Its earthy tones evoke a sense of warmth and harmony, while its versatile design ensures effortless installation on both floors and walls. Combining natural elegance with practicality, the collection brings timeless charm to any interior space.","12""x24"" R; 24""x48"" R; 12""x12""","6","Granite | Sand | Tan | Suite Sand | Suite Tan | Suite Granite","Granite [https://raw.githubusercontent.com/arzL2o/roca-tile-2026-images/main/swatches/baltic__granite__1.png] | Sand [https://raw.githubusercontent.com/arzL2o/roca-tile-2026-images/main/swatches/baltic__sand__1.png] | Tan [https://raw.githubusercontent.com/arzL2o/roca-tile-2026-images/main/swatches/baltic__tan__1.png] | Suite Sand [https://raw.githubusercontent.com/arzL2o/roca-tile-2026-images/main/swatches/baltic__suite-sand__1.png] | Suite Tan [https://raw.githubusercontent.com/arzL2o/roca-tile-2026-images/main/swatches/baltic__suite-tan__1.png] | Suite Granite [https://raw.githubusercontent.com/arzL2o/roca-tile-2026-images/main/swatches/baltic__suite-granite__1.png]","https://raw.githubusercontent.com/arzL2o/roca-tile-2026-images/main/swatches/baltic__granite__1.png; https://raw.githubusercontent.com/arzL2o/roca-tile-2026-images/main/swatches/baltic__sand__1.png; https://raw.githubusercontent.com/arzL2o/roca-tile-2026-images/main/swatches/baltic__tan__1.png; https://raw.githubusercontent.com/arzL2o/roca-tile-2026-images/main/swatches/baltic__suite-sand__1.png; https://raw.githubusercontent.com/arzL2o/roca-tile-2026-images/main/swatches/baltic__suite-tan__1.png; https://raw.githubusercontent.com/arzL2o/roca-tile-2026-images/main/swatches/baltic__suite-granite__1.png","https://raw.githubusercontent.com/arzL2o/roca-tile-2026-images/main/lifestyle/baltic__lifestyle__1.jpg",""
"Bar Tile","","Ceramic Wall","HA NDMA DE","Bar tile is versatile, and adds a touch of personality to each space. With its bold colors, it's the perfect way to add some personality to your living space. It's also made with a unique variation that gives each tile its own special look.","3""x12""","5","Glasgow | Havre | Nuuk | Oslo | Lisbon","Glasgow [https://raw.githubusercontent.com/arzL2o/roca-tile-2026-images/main/swatches/bar-tile__glasgow__1.png] | Havre [https://raw.githubusercontent.com/arzL2o/roca-tile-2026-images/main/swatches/bar-tile__havre__1.png] | Nuuk [https://raw.githubusercontent.com/arzL2o/roca-tile-2026-images/main/swatches/bar-tile__nuuk__1.png] | Oslo [https://raw.githubusercontent.com/arzL2o/roca-tile-2026-images/main/swatches/bar-tile__oslo__1.png] | Lisbon [https://raw.githubusercontent.com/arzL2o/roca-tile-2026-images/main/swatches/bar-tile__lisbon__1.png]","https://raw.githubusercontent.com/arzL2o/roca-tile-2026-images/main/swatches/bar-tile__glasgow__1.png; https://raw.githubusercontent.com/arzL2o/roca-tile-2026-images/main/swatches/bar-tile__havre__1.png; https://raw.githubusercontent.com/arzL2o/roca-tile-2026-images/main/swatches/bar-tile__nuuk__1.png; https://raw.githubusercontent.com/arzL2o/roca-tile-2026-images/main/swatches/bar-tile__oslo__1.png; https://raw.githubusercontent.com/arzL2o/roca-tile-2026-images/main/swatches/bar-tile__lisbon__1.png","https://raw.githubusercontent.com/arzL2o/roca-tile-2026-images/main/lifestyle/bar-tile__lifestyle__1.jpg",""
"Block","","Glazed Porcelain","SOLID COLORS","","4""x24""; 5""x6"" Hexagon","6","Blanco | Gris | Acero | Verde | Azul | Negro","Blanco [https://raw.githubusercontent.com/arzL2o/roca-tile-2026-images/main/swatches/block__blanco__1.png, https://raw.githubusercontent.com/arzL2o/roca-tile-2026-images/main/swatches/block__blanco__2.png] | Gris [https://raw.githubusercontent.com/arzL2o/roca-tile-2026-images/main/swatches/block__gris__1.png, https://raw.githubusercontent.com/arzL2o/roca-tile-2026-images/main/swatches/block__gris__2.png, https://raw.githubusercontent.com/arzL2o/roca-tile-2026-images/main/swatches/block__gris__3.png, https://raw.githubusercontent.com/arzL2o/roca-tile-2026-images/main/swatches/block__gris__4.png] | Acero [https://raw.githubusercontent.com/arzL2o/roca-tile-2026-images/main/swatches/block__acero__1.png, https://raw.githubusercontent.com/arzL2o/roca-tile-2026-images/main/swatches/block__acero__2.png, https://raw.githubusercontent.com/arzL2o/roca-tile-2026-images/main/swatches/block__acero__3.png, https://raw.githubusercontent.com/arzL2o/roca-tile-2026-images/main/swatches/block__acero__4.png, https://raw.githubusercontent.com/arzL2o/roca-tile-2026-images/main/swatches/block__acero__5.png, https://raw.githubusercontent.com/arzL2o/roca-tile-2026-images/main/swatches/block__acero__6.png] | Verde [https://raw.githubusercontent.com/arzL2o/roca-tile-2026-images/main/swatches/block__verde__1.png, https://raw.githubusercontent.com/arzL2o/roca-tile-2026-images/main/swatches/block__verde__2.png] | Azul [https://raw.githubusercontent.com/arzL2o/roca-tile-2026-images/main/swatches/block__azul__1.png, https://raw.githubusercontent.com/arzL2o/roca-tile-2026-images/main/swatches/block__azul__2.png, https://raw.githubusercontent.com/arzL2o/roca-tile-2026-images/main/swatches/block__azul__3.png, https://raw.githubusercontent.com/arzL2o/roca-tile-2026-images/main/swatches/block__azul__4.png] | Negro [https://raw.githubusercontent.com/arzL2o/roca-tile-2026-images/main/swatches/block__negro__1.png, https://raw.githubusercontent.com/arzL2o/roca-tile-2026-images/main/swatches/block__negro__2.png, https://raw.githubusercontent.com/arzL2o/roca-tile-2026-images/main/swatches/block__negro__3.png, https://raw.githubusercontent.com/arzL2o/roca-tile-2026-images/main/swatches/block__negro__4.png, https://raw.githubusercontent.com/arzL2o/roca-tile-2026-images/main/swatches/block__negro__5.png, https://raw.githubusercontent.com/arzL2o/roca-tile-2026-images/main/swatches/block__negro__6.png]","https://raw.githubusercontent.com/arzL2o/roca-tile-2026-images/main/swatches/block__blanco__1.png; https://raw.githubusercontent.com/arzL2o/roca-tile-2026-images/main/swatches/block__blanco__2.png; https://raw.githubusercontent.com/arzL2o/roca-tile-2026-images/main/swatches/block__gris__1.png; https://raw.githubusercontent.com/arzL2o/roca-tile-2026-images/main/swatches/block__gris__2.png; https://raw.githubusercontent.com/arzL2o/roca-tile-2026-images/main/swatches/block__gris__3.png; https://raw.githubusercontent.com/arzL2o/roca-tile-2026-images/main/swatches/block__gris__4.png; https://raw.githubusercontent.com/arzL2o/roca-tile-2026-images/main/swatches/block__acero__1.png; https://raw.githubusercontent.com/arzL2o/roca-tile-2026-images/main/swatches/block__acero__2.png; https://raw.githubusercontent.com/arzL2o/roca-tile-2026-images/main/swatches/block__acero__3.png; https://raw.githubusercontent.com/arzL2o/roca-tile-2026-images/main/swatches/block__acero__4.png; https://raw.githubusercontent.com/arzL2o/roca-tile-2026-images/main/swatches/block__acero__5.png; https://raw.githubusercontent.com/arzL2o/roca-tile-2026-images/main/swatches/block__acero__6.png; https://raw.githubusercontent.com/arzL2o/roca-tile-2026-images/main/swatches/block__verde__1.png; https://raw.githubusercontent.com/arzL2o/roca-tile-2026-images/main/swatches/block__verde__2.png; https://raw.githubusercontent.com/arzL2o/roca-tile-2026-images/main/swatches/block__azul__1.png; https://raw.githubusercontent.com/arzL2o/roca-tile-2026-images/main/swatches/block__azul__2.png; https://raw.githubusercontent.com/arzL2o/roca-tile-2026-images/main/swatches/block__azul__3.png; https://raw.githubusercontent.com/arzL2o/roca-tile-2026-images/main/swatches/block__azul__4.png; https://raw.githubusercontent.com/arzL2o/roca-tile-2026-images/main/swatches/block__negro__1.png; https://raw.githubusercontent.com/arzL2o/roca-tile-2026-images/main/swatches/block__negro__2.png; https://raw.githubusercontent.com/arzL2o/roca-tile-2026-images/main/swatches/block__negro__3.png; https://raw.githubusercontent.com/arzL2o/roca-tile-2026-images/main/swatches/block__negro__4.png; https://raw.githubusercontent.com/arzL2o/roca-tile-2026-images/main/swatches/block__negro__5.png; https://raw.githubusercontent.com/arzL2o/roca-tile-2026-images/main/swatches/block__negro__6.png","https://raw.githubusercontent.com/arzL2o/roca-tile-2026-images/main/lifestyle/block__lifestyle__1.jpg",""
"Boheme","","Glazed Porcelain","WOODS","The Boheme series offer the strength and practicality of porcelain. While echoing the natural beauty and character of hardwood, it is an ideal choice for spaces that seek to combine durability with the soulful warmth of a well-traveled path.","8""x35""","4","Walnut | Ivory | White | Natural","Walnut [https://raw.githubusercontent.com/arzL2o/roca-tile-2026-images/main/swatches/boheme__walnut__1.png, https://raw.githubusercontent.com/arzL2o/roca-tile-2026-images/main/swatches/boheme__walnut__2.png] | Ivory [https://raw.githubusercontent.com/arzL2o/roca-tile-2026-images/main/swatches/boheme__ivory__1.png, https://raw.githubusercontent.com/arzL2o/roca-tile-2026-images/main/swatches/boheme__ivory__2.png] | White [https://raw.githubusercontent.com/arzL2o/roca-tile-2026-images/main/swatches/boheme__white__1.png, https://raw.githubusercontent.com/arzL2o/roca-tile-2026-images/main/swatches/boheme__white__2.png] | Natural [https://raw.githubusercontent.com/arzL2o/roca-tile-2026-images/main/swatches/boheme__natural__1.png, https://raw.githubusercontent.com/arzL2o/roca-tile-2026-images/main/swatches/boheme__natural__2.png]","https://raw.githubusercontent.com/arzL2o/roca-tile-2026-images/main/swatches/boheme__walnut__1.png; https://raw.githubusercontent.com/arzL2o/roca-tile-2026-images/main/swatches/boheme__walnut__2.png; https://raw.githubusercontent.com/arzL2o/roca-tile-2026-images/main/swatches/boheme__ivory__1.png; https://raw.githubusercontent.com/arzL2o/roca-tile-2026-images/main/swatches/boheme__ivory__2.png; https://raw.githubusercontent.com/arzL2o/roca-tile-2026-images/main/swatches/boheme__white__1.png; https://raw.githubusercontent.com/arzL2o/roca-tile-2026-images/main/swatches/boheme__white__2.png; https://raw.githubusercontent.com/arzL2o/roca-tile-2026-images/main/swatches/boheme__natural__1.png; https://raw.githubusercontent.com/arzL2o/roca-tile-2026-images/main/swatches/boheme__natural__2.png","https://raw.githubusercontent.com/arzL2o/roca-tile-2026-images/main/lifestyle/boheme__lifestyle__1.jpg",""
"Brickell","","Ceramic Wall","MARBLES - STONES - CONCRETES","A unique adaptation of brick. Our Brickell Collection is a ceramic wall tile with excellent definition and texture. The realism achieved with this product makes it extremely versatile and its neutral color palette allows you to create both rustic and modern spaces.","3""x12""","5","Antracita | Burnt | Taupe | Gris | Blanco","Antracita [https://raw.githubusercontent.com/arzL2o/roca-tile-2026-images/main/swatches/brickell__antracita__1.png, https://raw.githubusercontent.com/arzL2o/roca-tile-2026-images/main/swatches/brickell__antracita__2.png] | Burnt [https://raw.githubusercontent.com/arzL2o/roca-tile-2026-images/main/swatches/brickell__burnt__1.png, https://raw.githubusercontent.com/arzL2o/roca-tile-2026-images/main/swatches/brickell__burnt__2.png, https://raw.githubusercontent.com/arzL2o/roca-tile-2026-images/main/swatches/brickell__burnt__3.png, https://raw.githubusercontent.com/arzL2o/roca-tile-2026-images/main/swatches/brickell__burnt__4.png] | Taupe [https://raw.githubusercontent.com/arzL2o/roca-tile-2026-images/main/swatches/brickell__taupe__1.png, https://raw.githubusercontent.com/arzL2o/roca-tile-2026-images/main/swatches/brickell__taupe__2.png, https://raw.githubusercontent.com/arzL2o/roca-tile-2026-images/main/swatches/brickell__taupe__3.png, https://raw.githubusercontent.com/arzL2o/roca-tile-2026-images/main/swatches/brickell__taupe__4.png] | Gris [https://raw.githubusercontent.com/arzL2o/roca-tile-2026-images/main/swatches/brickell__gris__1.png, https://raw.githubusercontent.com/arzL2o/roca-tile-2026-images/main/swatches/brickell__gris__2.png, https://raw.githubusercontent.com/arzL2o/roca-tile-2026-images/main/swatches/brickell__gris__3.png] | Blanco [https://raw.githubusercontent.com/arzL2o/roca-tile-2026-images/main/swatches/brickell__blanco__1.png, https://raw.githubusercontent.com/arzL2o/roca-tile-2026-images/main/swatches/brickell__blanco__2.png]","https://raw.githubusercontent.com/arzL2o/roca-tile-2026-images/main/swatches/brickell__antracita__1.png; https://raw.githubusercontent.com/arzL2o/roca-tile-2026-images/main/swatches/brickell__antracita__2.png; https://raw.githubusercontent.com/arzL2o/roca-tile-2026-images/main/swatches/brickell__burnt__1.png; https://raw.githubusercontent.com/arzL2o/roca-tile-2026-images/main/swatches/brickell__burnt__2.png; https://raw.githubusercontent.com/arzL2o/roca-tile-2026-images/main/swatches/brickell__burnt__3.png; https://raw.githubusercontent.com/arzL2o/roca-tile-2026-images/main/swatches/brickell__burnt__4.png; https://raw.githubusercontent.com/arzL2o/roca-tile-2026-images/main/swatches/brickell__taupe__1.png; https://raw.githubusercontent.com/arzL2o/roca-tile-2026-images/main/swatches/brickell__taupe__2.png; https://raw.githubusercontent.com/arzL2o/roca-tile-2026-images/main/swatches/brickell__taupe__3.png; https://raw.githubusercontent.com/arzL2o/roca-tile-2026-images/main/swatches/brickell__taupe__4.png; https://raw.githubusercontent.com/arzL2o/roca-tile-2026-images/main/swatches/brickell__gris__1.png; https://raw.githubusercontent.com/arzL2o/roca-tile-2026-images/main/swatches/brickell__gris__2.png; https://raw.githubusercontent.com/arzL2o/roca-tile-2026-images/main/swatches/brickell__gris__3.png; https://raw.githubusercontent.com/arzL2o/roca-tile-2026-images/main/swatches/brickell__blanco__1.png; https://raw.githubusercontent.com/arzL2o/roca-tile-2026-images/main/swatches/brickell__blanco__2.png","https://raw.githubusercontent.com/arzL2o/roca-tile-2026-images/main/lifestyle/brickell__lifestyle__1.jpg",""
"CC Mosaics","","Glazed Porcelain Mosaics","MOSA ICS","Fun, versatile, colorful, mosaics have it all. The CC Mosaics collection will add an upbeat and dynamic flair to any room. Ideal for floor or wall applications, with these porcelain mosaics the possibilities are endless. Mix and match different colors or designs, let your imagination run loose and re-invent your space.","12""x12""; 9""x10""","0","","","","https://raw.githubusercontent.com/arzL2o/roca-tile-2026-images/main/lifestyle/cc-mosaics__lifestyle__1.jpg; https://raw.githubusercontent.com/arzL2o/roca-tile-2026-images/main/lifestyle/cc-mosaics__lifestyle__2.jpg; https://raw.githubusercontent.com/arzL2o/roca-tile-2026-images/main/lifestyle/cc-mosaics__lifestyle__3.jpg",""
"CC Mosaics +","","Glazed Porcelain Mosaics","MOSA ICS","An antique flair with a modern twist, let our CC Mosaics + take center stage in your next project. Available in a soft color palette, this series is sure to brighten any room. With the versatility offered by porcelain mosaics, this collection is ideal for a variety of applications.","12""x12""","0","","","","https://raw.githubusercontent.com/arzL2o/roca-tile-2026-images/main/lifestyle/cc-mosaics__lifestyle__1.jpg; https://raw.githubusercontent.com/arzL2o/roca-tile-2026-images/main/lifestyle/cc-mosaics__lifestyle__2.jpg",""
"CC Porcelain","","Unglazed Porcelain Mosaics","MOSA ICS","A sober unglazed porcelain mosaic. Available in 4 neutral tones, which can be used in both commercial and residential projects.","12""x12""","0","","","","https://raw.githubusercontent.com/arzL2o/roca-tile-2026-images/main/lifestyle/cc-porcelain__lifestyle__1.jpg; https://raw.githubusercontent.com/arzL2o/roca-tile-2026-images/main/lifestyle/cc-porcelain__lifestyle__2.jpg",""
"CC Textures","","Ceramic Wall","3 D - TEXTURES","Subway tile with a twist! Our CC Textures Collection adds depth and dimension to your walls. Whether you prefer beveled, reversed beveled or linear reliefs, this your walls, tile can certainly add a strong element of design and this collection is no exception!","4""x10""; 3""x6""; 10""x28""","8","White Ice Wavy | White Ice Beveled | Tender Gray Beveled | White Ice Waves | White Reverse Beveled | Tender Gray Reverse Beveled | Snow White Beveled | Biscuit Beveled","White Ice Wavy [https://raw.githubusercontent.com/arzL2o/roca-tile-2026-images/main/swatches/cc-textures__white-ice-wavy__1.png, https://raw.githubusercontent.com/arzL2o/roca-tile-2026-images/main/swatches/cc-textures__white-ice-wavy__2.png] | White Ice Beveled [https://raw.githubusercontent.com/arzL2o/roca-tile-2026-images/main/swatches/cc-textures__white-ice-beveled__1.png, https://raw.githubusercontent.com/arzL2o/roca-tile-2026-images/main/swatches/cc-textures__white-ice-beveled__2.png, https://raw.githubusercontent.com/arzL2o/roca-tile-2026-images/main/swatches/cc-textures__white-ice-beveled__3.png, https://raw.githubusercontent.com/arzL2o/roca-tile-2026-images/main/swatches/cc-textures__white-ice-beveled__4.png] | Tender Gray Beveled [https://raw.githubusercontent.com/arzL2o/roca-tile-2026-images/main/swatches/cc-textures__tender-gray-beveled__1.png, https://raw.githubusercontent.com/arzL2o/roca-tile-2026-images/main/swatches/cc-textures__tender-gray-beveled__2.png, https://raw.githubusercontent.com/arzL2o/roca-tile-2026-images/main/swatches/cc-textures__tender-gray-beveled__3.png, https://raw.githubusercontent.com/arzL2o/roca-tile-2026-images/main/swatches/cc-textures__tender-gray-beveled__4.png] | White Ice Waves [https://raw.githubusercontent.com/arzL2o/roca-tile-2026-images/main/swatches/cc-textures__white-ice-waves__1.png, https://raw.githubusercontent.com/arzL2o/roca-tile-2026-images/main/swatches/cc-textures__white-ice-waves__2.png, https://raw.githubusercontent.com/arzL2o/roca-tile-2026-images/main/swatches/cc-textures__white-ice-waves__3.png] | White Reverse Beveled [https://raw.githubusercontent.com/arzL2o/roca-tile-2026-images/main/swatches/cc-textures__white-reverse-beveled__1.png, https://raw.githubusercontent.com/arzL2o/roca-tile-2026-images/main/swatches/cc-textures__white-reverse-beveled__2.png, https://raw.githubusercontent.com/arzL2o/roca-tile-2026-images/main/swatches/cc-textures__white-reverse-beveled__3.png, https://raw.githubusercontent.com/arzL2o/roca-tile-2026-images/main/swatches/cc-textures__white-reverse-beveled__4.png, https://raw.githubusercontent.com/arzL2o/roca-tile-2026-images/main/swatches/cc-textures__white-reverse-beveled__5.png, https://raw.githubusercontent.com/arzL2o/roca-tile-2026-images/main/swatches/cc-textures__white-reverse-beveled__6.png] | Tender Gray Reverse Beveled [https://raw.githubusercontent.com/arzL2o/roca-tile-2026-images/main/swatches/cc-textures__tender-gray-reverse-beveled__1.png, https://raw.githubusercontent.com/arzL2o/roca-tile-2026-images/main/swatches/cc-textures__tender-gray-reverse-beveled__2.png, https://raw.githubusercontent.com/arzL2o/roca-tile-2026-images/main/swatches/cc-textures__tender-gray-reverse-beveled__3.png, https://raw.githubusercontent.com/arzL2o/roca-tile-2026-images/main/swatches/cc-textures__tender-gray-reverse-beveled__4.png, https://raw.githubusercontent.com/arzL2o/roca-tile-2026-images/main/swatches/cc-textures__tender-gray-reverse-beveled__5.png, https://raw.githubusercontent.com/arzL2o/roca-tile-2026-images/main/swatches/cc-textures__tender-gray-reverse-beveled__6.png] | Snow White Beveled [https://raw.githubusercontent.com/arzL2o/roca-tile-2026-images/main/swatches/cc-textures__snow-white-beveled__1.png, https://raw.githubusercontent.com/arzL2o/roca-tile-2026-images/main/swatches/cc-textures__snow-white-beveled__2.png, https://raw.githubusercontent.com/arzL2o/roca-tile-2026-images/main/swatches/cc-textures__snow-white-beveled__3.png, https://raw.githubusercontent.com/arzL2o/roca-tile-2026-images/main/swatches/cc-textures__snow-white-beveled__4.png] | Biscuit Beveled [https://raw.githubusercontent.com/arzL2o/roca-tile-2026-images/main/swatches/cc-textures__biscuit-beveled__1.png, https://raw.githubusercontent.com/arzL2o/roca-tile-2026-images/main/swatches/cc-textures__biscuit-beveled__2.png, https://raw.githubusercontent.com/arzL2o/roca-tile-2026-images/main/swatches/cc-textures__biscuit-beveled__3.png, https://raw.githubusercontent.com/arzL2o/roca-tile-2026-images/main/swatches/cc-textures__biscuit-beveled__4.png, https://raw.githubusercontent.com/arzL2o/roca-tile-2026-images/main/swatches/cc-textures__biscuit-beveled__5.png, https://raw.githubusercontent.com/arzL2o/roca-tile-2026-images/main/swatches/cc-textures__biscuit-beveled__6.png, https://raw.githubusercontent.com/arzL2o/roca-tile-2026-images/main/swatches/cc-textures__biscuit-beveled__7.png, https://raw.githubusercontent.com/arzL2o/roca-tile-2026-images/main/swatches/cc-textures__biscuit-beveled__8.png, https://raw.githubusercontent.com/arzL2o/roca-tile-2026-images/main/swatches/cc-textures__biscuit-beveled__9.png]","https://raw.githubusercontent.com/arzL2o/roca-tile-2026-images/main/swatches/cc-textures__white-ice-wavy__1.png; https://raw.githubusercontent.com/arzL2o/roca-tile-2026-images/main/swatches/cc-textures__white-ice-wavy__2.png; https://raw.githubusercontent.com/arzL2o/roca-tile-2026-images/main/swatches/cc-textures__white-ice-beveled__1.png; https://raw.githubusercontent.com/arzL2o/roca-tile-2026-images/main/swatches/cc-textures__white-ice-beveled__2.png; https://raw.githubusercontent.com/arzL2o/roca-tile-2026-images/main/swatches/cc-textures__white-ice-beveled__3.png; https://raw.githubusercontent.com/arzL2o/roca-tile-2026-images/main/swatches/cc-textures__white-ice-beveled__4.png; https://raw.githubusercontent.com/arzL2o/roca-tile-2026-images/main/swatches/cc-textures__tender-gray-beveled__1.png; https://raw.githubusercontent.com/arzL2o/roca-tile-2026-images/main/swatches/cc-textures__tender-gray-beveled__2.png; https://raw.githubusercontent.com/arzL2o/roca-tile-2026-images/main/swatches/cc-textures__tender-gray-beveled__3.png; https://raw.githubusercontent.com/arzL2o/roca-tile-2026-images/main/swatches/cc-textures__tender-gray-beveled__4.png; https://raw.githubusercontent.com/arzL2o/roca-tile-2026-images/main/swatches/cc-textures__white-ice-waves__1.png; https://raw.githubusercontent.com/arzL2o/roca-tile-2026-images/main/swatches/cc-textures__white-ice-waves__2.png; https://raw.githubusercontent.com/arzL2o/roca-tile-2026-images/main/swatches/cc-textures__white-ice-waves__3.png; https://raw.githubusercontent.com/arzL2o/roca-tile-2026-images/main/swatches/cc-textures__white-reverse-beveled__1.png; https://raw.githubusercontent.com/arzL2o/roca-tile-2026-images/main/swatches/cc-textures__white-reverse-beveled__2.png; https://raw.githubusercontent.com/arzL2o/roca-tile-2026-images/main/swatches/cc-textures__white-reverse-beveled__3.png; https://raw.githubusercontent.com/arzL2o/roca-tile-2026-images/main/swatches/cc-textures__white-reverse-beveled__4.png; https://raw.githubusercontent.com/arzL2o/roca-tile-2026-images/main/swatches/cc-textures__white-reverse-beveled__5.png; https://raw.githubusercontent.com/arzL2o/roca-tile-2026-images/main/swatches/cc-textures__white-reverse-beveled__6.png; https://raw.githubusercontent.com/arzL2o/roca-tile-2026-images/main/swatches/cc-textures__tender-gray-reverse-beveled__1.png; https://raw.githubusercontent.com/arzL2o/roca-tile-2026-images/main/swatches/cc-textures__tender-gray-reverse-beveled__2.png; https://raw.githubusercontent.com/arzL2o/roca-tile-2026-images/main/swatches/cc-textures__tender-gray-reverse-beveled__3.png; https://raw.githubusercontent.com/arzL2o/roca-tile-2026-images/main/swatches/cc-textures__tender-gray-reverse-beveled__4.png; https://raw.githubusercontent.com/arzL2o/roca-tile-2026-images/main/swatches/cc-textures__tender-gray-reverse-beveled__5.png; https://raw.githubusercontent.com/arzL2o/roca-tile-2026-images/main/swatches/cc-textures__tender-gray-reverse-beveled__6.png; https://raw.githubusercontent.com/arzL2o/roca-tile-2026-images/main/swatches/cc-textures__snow-white-beveled__1.png; https://raw.githubusercontent.com/arzL2o/roca-tile-2026-images/main/swatches/cc-textures__snow-white-beveled__2.png; https://raw.githubusercontent.com/arzL2o/roca-tile-2026-images/main/swatches/cc-textures__snow-white-beveled__3.png; https://raw.githubusercontent.com/arzL2o/roca-tile-2026-images/main/swatches/cc-textures__snow-white-beveled__4.png; https://raw.githubusercontent.com/arzL2o/roca-tile-2026-images/main/swatches/cc-textures__biscuit-beveled__1.png; https://raw.githubusercontent.com/arzL2o/roca-tile-2026-images/main/swatches/cc-textures__biscuit-beveled__2.png; https://raw.githubusercontent.com/arzL2o/roca-tile-2026-images/main/swatches/cc-textures__biscuit-beveled__3.png; https://raw.githubusercontent.com/arzL2o/roca-tile-2026-images/main/swatches/cc-textures__biscuit-beveled__4.png; https://raw.githubusercontent.com/arzL2o/roca-tile-2026-images/main/swatches/cc-textures__biscuit-beveled__5.png; https://raw.githubusercontent.com/arzL2o/roca-tile-2026-images/main/swatches/cc-textures__biscuit-beveled__6.png; https://raw.githubusercontent.com/arzL2o/roca-tile-2026-images/main/swatches/cc-textures__biscuit-beveled__7.png; https://raw.githubusercontent.com/arzL2o/roca-tile-2026-images/main/swatches/cc-textures__biscuit-beveled__8.png; https://raw.githubusercontent.com/arzL2o/roca-tile-2026-images/main/swatches/cc-textures__biscuit-beveled__9.png","https://raw.githubusercontent.com/arzL2o/roca-tile-2026-images/main/lifestyle/cc-textures__lifestyle__1.jpg; https://raw.githubusercontent.com/arzL2o/roca-tile-2026-images/main/lifestyle/cc-textures__lifestyle__2.jpg",""
"Calacata Gold","Slabs","Matte & Polished Porcelain - Ceramic Wall","MA RBLES","The Calacata Gold generates unique atmospheres and vivid spaces offering a balance between its matte and polished finishes. Also adding warmth through the it's gold veining, making way for versatile combinations with different elements.","24""x48"" R; 12""x24"" R; 12""x24""","2","Gold | Calacata Gold","Gold [https://raw.githubusercontent.com/arzL2o/roca-tile-2026-images/main/swatches/calacata-gold__gold__1.png, https://raw.githubusercontent.com/arzL2o/roca-tile-2026-images/main/swatches/calacata-gold__gold__2.png, https://raw.githubusercontent.com/arzL2o/roca-tile-2026-images/main/swatches/calacata-gold__gold__3.png, https://raw.githubusercontent.com/arzL2o/roca-tile-2026-images/main/swatches/calacata-gold__gold__4.png, https://raw.githubusercontent.com/arzL2o/roca-tile-2026-images/main/swatches/calacata-gold__gold__5.png, https://raw.githubusercontent.com/arzL2o/roca-tile-2026-images/main/swatches/calacata-gold__gold__6.png] | Calacata Gold [https://raw.githubusercontent.com/arzL2o/roca-tile-2026-images/main/swatches/calacata-gold__calacata-gold__1.png, https://raw.githubusercontent.com/arzL2o/roca-tile-2026-images/main/swatches/calacata-gold__calacata-gold__2.png, https://raw.githubusercontent.com/arzL2o/roca-tile-2026-images/main/swatches/calacata-gold__calacata-gold__3.png]","https://raw.githubusercontent.com/arzL2o/roca-tile-2026-images/main/swatches/calacata-gold__gold__1.png; https://raw.githubusercontent.com/arzL2o/roca-tile-2026-images/main/swatches/calacata-gold__gold__2.png; https://raw.githubusercontent.com/arzL2o/roca-tile-2026-images/main/swatches/calacata-gold__gold__3.png; https://raw.githubusercontent.com/arzL2o/roca-tile-2026-images/main/swatches/calacata-gold__gold__4.png; https://raw.githubusercontent.com/arzL2o/roca-tile-2026-images/main/swatches/calacata-gold__gold__5.png; https://raw.githubusercontent.com/arzL2o/roca-tile-2026-images/main/swatches/calacata-gold__gold__6.png; https://raw.githubusercontent.com/arzL2o/roca-tile-2026-images/main/swatches/calacata-gold__calacata-gold__1.png; https://raw.githubusercontent.com/arzL2o/roca-tile-2026-images/main/swatches/calacata-gold__calacata-gold__2.png; https://raw.githubusercontent.com/arzL2o/roca-tile-2026-images/main/swatches/calacata-gold__calacata-gold__3.png","https://raw.githubusercontent.com/arzL2o/roca-tile-2026-images/main/lifestyle/calacata-gold__lifestyle__1.jpg; https://raw.githubusercontent.com/arzL2o/roca-tile-2026-images/main/lifestyle/calacata-gold__lifestyle__2.jpg",""
"Calacata Light","Slabs","Matte & Polished Porcelain","MARBLES - STONES - CONCRETES","Inspired by the finest marbles around the world, our Slabs collection allows you to accomplish the look and feel of marble without the price tag. Create stunning, awe-inspiring floors, or get creative and use for accent walls or even countertops, the possibilities are endless.","48""x48"" R; 24""x48"" R","1","Calacata Light","Calacata Light [https://raw.githubusercontent.com/arzL2o/roca-tile-2026-images/main/swatches/calacata-light__calacata-light__1.png]","https://raw.githubusercontent.com/arzL2o/roca-tile-2026-images/main/swatches/calacata-light__calacata-light__1.png","https://raw.githubusercontent.com/arzL2o/roca-tile-2026-images/main/lifestyle/calacata-light__lifestyle__1.jpg",""
"Calacatta Oro","","Glazed Porcelain","MA RBLES","Calacatta Oro offers a contemporary take on one of the most prized marbles, with its distinctive mink-coloured veining flowing naturally over a snow-white base. The visual composition of its marked, flowing veins runs through the imposing pieces with exceptional precision, preserving the authenticity of the original designs while promoting a sense of harmonious continuity. The result is a continuous surface where the patterns and islands of colour become the absolute protagonists. Each ceramic slab conveys the majesty of natural stone, enhanced by state-of-the- art technology that guarantees resistance and durability.","24""x48"" R; 12""x24"" R","1","Marble Calacatta Oro","Marble Calacatta Oro [https://raw.githubusercontent.com/arzL2o/roca-tile-2026-images/main/swatches/calacatta-oro__marble-calacatta-oro__1.png, https://raw.githubusercontent.com/arzL2o/roca-tile-2026-images/main/swatches/calacatta-oro__marble-calacatta-oro__2.png, https://raw.githubusercontent.com/arzL2o/roca-tile-2026-images/main/swatches/calacatta-oro__marble-calacatta-oro__3.png]","https://raw.githubusercontent.com/arzL2o/roca-tile-2026-images/main/swatches/calacatta-oro__marble-calacatta-oro__1.png; https://raw.githubusercontent.com/arzL2o/roca-tile-2026-images/main/swatches/calacatta-oro__marble-calacatta-oro__2.png; https://raw.githubusercontent.com/arzL2o/roca-tile-2026-images/main/swatches/calacatta-oro__marble-calacatta-oro__3.png","https://raw.githubusercontent.com/arzL2o/roca-tile-2026-images/main/lifestyle/calacatta-oro__lifestyle__1.jpg; https://raw.githubusercontent.com/arzL2o/roca-tile-2026-images/main/lifestyle/calacatta-oro__lifestyle__2.jpg",""
"Carrara","Slabs","Matte & Polished Porcelain","MARBLES - STONES - CONCRETES","","48""x48"" R; 24""x48"" R","1","Carrara","Carrara [https://raw.githubusercontent.com/arzL2o/roca-tile-2026-images/main/swatches/carrara__carrara__1.png, https://raw.githubusercontent.com/arzL2o/roca-tile-2026-images/main/swatches/carrara__carrara__2.png]","https://raw.githubusercontent.com/arzL2o/roca-tile-2026-images/main/swatches/carrara__carrara__1.png; https://raw.githubusercontent.com/arzL2o/roca-tile-2026-images/main/swatches/carrara__carrara__2.png","https://raw.githubusercontent.com/arzL2o/roca-tile-2026-images/main/lifestyle/carrara__lifestyle__1.jpg",""
"Carve","","Glazed Porcelain","3 D - TEXTURES","Add texture and character to your spaces with our Carve series, presenting a soft metallic carved finish on top of a steel color that will remind you of a work of art.","12""x24"" R","1","Steel","Steel [https://raw.githubusercontent.com/arzL2o/roca-tile-2026-images/main/swatches/carve__steel__1.png, https://raw.githubusercontent.com/arzL2o/roca-tile-2026-images/main/swatches/carve__steel__2.png, https://raw.githubusercontent.com/arzL2o/roca-tile-2026-images/main/swatches/carve__steel__3.png]","https://raw.githubusercontent.com/arzL2o/roca-tile-2026-images/main/swatches/carve__steel__1.png; https://raw.githubusercontent.com/arzL2o/roca-tile-2026-images/main/swatches/carve__steel__2.png; https://raw.githubusercontent.com/arzL2o/roca-tile-2026-images/main/swatches/carve__steel__3.png","https://raw.githubusercontent.com/arzL2o/roca-tile-2026-images/main/lifestyle/carve__lifestyle__1.jpg; https://raw.githubusercontent.com/arzL2o/roca-tile-2026-images/main/lifestyle/carve__lifestyle__2.jpg",""
"Casablanca","","Glazed Porcelain","PAT T ERNED & DECO TILES","","8""x8""; 8""x9"" Hexagon","5","Aqua | Fond | Solid Black | Solid Gray | Solid White","Aqua [https://raw.githubusercontent.com/arzL2o/roca-tile-2026-images/main/swatches/casablanca__aqua__1.png, https://raw.githubusercontent.com/arzL2o/roca-tile-2026-images/main/swatches/casablanca__aqua__2.png, https://raw.githubusercontent.com/arzL2o/roca-tile-2026-images/main/swatches/casablanca__aqua__3.png, https://raw.githubusercontent.com/arzL2o/roca-tile-2026-images/main/swatches/casablanca__aqua__4.png, https://raw.githubusercontent.com/arzL2o/roca-tile-2026-images/main/swatches/casablanca__aqua__5.png, https://raw.githubusercontent.com/arzL2o/roca-tile-2026-images/main/swatches/casablanca__aqua__6.png, https://raw.githubusercontent.com/arzL2o/roca-tile-2026-images/main/swatches/casablanca__aqua__7.png, https://raw.githubusercontent.com/arzL2o/roca-tile-2026-images/main/swatches/casablanca__aqua__8.png, https://raw.githubusercontent.com/arzL2o/roca-tile-2026-images/main/swatches/casablanca__aqua__9.png, https://raw.githubusercontent.com/arzL2o/roca-tile-2026-images/main/swatches/casablanca__aqua__10.png, https://raw.githubusercontent.com/arzL2o/roca-tile-2026-images/main/swatches/casablanca__aqua__11.png, https://raw.githubusercontent.com/arzL2o/roca-tile-2026-images/main/swatches/casablanca__aqua__12.png, https://raw.githubusercontent.com/arzL2o/roca-tile-2026-images/main/swatches/casablanca__aqua__13.png] | Fond [https://raw.githubusercontent.com/arzL2o/roca-tile-2026-images/main/swatches/casablanca__fond__1.png, https://raw.githubusercontent.com/arzL2o/roca-tile-2026-images/main/swatches/casablanca__fond__2.png, https://raw.githubusercontent.com/arzL2o/roca-tile-2026-images/main/swatches/casablanca__fond__3.png, https://raw.githubusercontent.com/arzL2o/roca-tile-2026-images/main/swatches/casablanca__fond__4.png, https://raw.githubusercontent.com/arzL2o/roca-tile-2026-images/main/swatches/casablanca__fond__5.png, https://raw.githubusercontent.com/arzL2o/roca-tile-2026-images/main/swatches/casablanca__fond__6.png, https://raw.githubusercontent.com/arzL2o/roca-tile-2026-images/main/swatches/casablanca__fond__7.png, https://raw.githubusercontent.com/arzL2o/roca-tile-2026-images/main/swatches/casablanca__fond__8.png, https://raw.githubusercontent.com/arzL2o/roca-tile-2026-images/main/swatches/casablanca__fond__9.png, https://raw.githubusercontent.com/arzL2o/roca-tile-2026-images/main/swatches/casablanca__fond__10.png, https://raw.githubusercontent.com/arzL2o/roca-tile-2026-images/main/swatches/casablanca__fond__11.png, https://raw.githubusercontent.com/arzL2o/roca-tile-2026-images/main/swatches/casablanca__fond__12.png, https://raw.githubusercontent.com/arzL2o/roca-tile-2026-images/main/swatches/casablanca__fond__13.png, https://raw.githubusercontent.com/arzL2o/roca-tile-2026-images/main/swatches/casablanca__fond__14.png, https://raw.githubusercontent.com/arzL2o/roca-tile-2026-images/main/swatches/casablanca__fond__15.png, https://raw.githubusercontent.com/arzL2o/roca-tile-2026-images/main/swatches/casablanca__fond__16.png, https://raw.githubusercontent.com/arzL2o/roca-tile-2026-images/main/swatches/casablanca__fond__17.png, https://raw.githubusercontent.com/arzL2o/roca-tile-2026-images/main/swatches/casablanca__fond__18.png, https://raw.githubusercontent.com/arzL2o/roca-tile-2026-images/main/swatches/casablanca__fond__19.png, https://raw.githubusercontent.com/arzL2o/roca-tile-2026-images/main/swatches/casablanca__fond__20.png, https://raw.githubusercontent.com/arzL2o/roca-tile-2026-images/main/swatches/casablanca__fond__21.png, https://raw.githubusercontent.com/arzL2o/roca-tile-2026-images/main/swatches/casablanca__fond__22.png, https://raw.githubusercontent.com/arzL2o/roca-tile-2026-images/main/swatches/casablanca__fond__23.png, https://raw.githubusercontent.com/arzL2o/roca-tile-2026-images/main/swatches/casablanca__fond__24.png] | Solid Black [https://raw.githubusercontent.com/arzL2o/roca-tile-2026-images/main/swatches/casablanca__solid-black__1.png, https://raw.githubusercontent.com/arzL2o/roca-tile-2026-images/main/swatches/casablanca__solid-black__2.png, https://raw.githubusercontent.com/arzL2o/roca-tile-2026-images/main/swatches/casablanca__solid-black__3.png, https://raw.githubusercontent.com/arzL2o/roca-tile-2026-images/main/swatches/casablanca__solid-black__4.png, https://raw.githubusercontent.com/arzL2o/roca-tile-2026-images/main/swatches/casablanca__solid-black__5.png, https://raw.githubusercontent.com/arzL2o/roca-tile-2026-images/main/swatches/casablanca__solid-black__6.png, https://raw.githubusercontent.com/arzL2o/roca-tile-2026-images/main/swatches/casablanca__solid-black__7.png, https://raw.githubusercontent.com/arzL2o/roca-tile-2026-images/main/swatches/casablanca__solid-black__8.png, https://raw.githubusercontent.com/arzL2o/roca-tile-2026-images/main/swatches/casablanca__solid-black__9.png, https://raw.githubusercontent.com/arzL2o/roca-tile-2026-images/main/swatches/casablanca__solid-black__10.png, https://raw.githubusercontent.com/arzL2o/roca-tile-2026-images/main/swatches/casablanca__solid-black__11.png, https://raw.githubusercontent.com/arzL2o/roca-tile-2026-images/main/swatches/casablanca__solid-black__12.png, https://raw.githubusercontent.com/arzL2o/roca-tile-2026-images/main/swatches/casablanca__solid-black__13.png, https://raw.githubusercontent.com/arzL2o/roca-tile-2026-images/main/swatches/casablanca__solid-black__14.png, https://raw.githubusercontent.com/arzL2o/roca-tile-2026-images/main/swatches/casablanca__solid-black__15.png] | Solid Gray [https://raw.githubusercontent.com/arzL2o/roca-tile-2026-images/main/swatches/casablanca__solid-gray__1.png, https://raw.githubusercontent.com/arzL2o/roca-tile-2026-images/main/swatches/casablanca__solid-gray__2.png, https://raw.githubusercontent.com/arzL2o/roca-tile-2026-images/main/swatches/casablanca__solid-gray__3.png, https://raw.githubusercontent.com/arzL2o/roca-tile-2026-images/main/swatches/casablanca__solid-gray__4.png, https://raw.githubusercontent.com/arzL2o/roca-tile-2026-images/main/swatches/casablanca__solid-gray__5.png, https://raw.githubusercontent.com/arzL2o/roca-tile-2026-images/main/swatches/casablanca__solid-gray__6.png, https://raw.githubusercontent.com/arzL2o/roca-tile-2026-images/main/swatches/casablanca__solid-gray__7.png, https://raw.githubusercontent.com/arzL2o/roca-tile-2026-images/main/swatches/casablanca__solid-gray__8.png, https://raw.githubusercontent.com/arzL2o/roca-tile-2026-images/main/swatches/casablanca__solid-gray__9.png] | Solid White [https://raw.githubusercontent.com/arzL2o/roca-tile-2026-images/main/swatches/casablanca__solid-white__1.png, https://raw.githubusercontent.com/arzL2o/roca-tile-2026-images/main/swatches/casablanca__solid-white__2.png, https://raw.githubusercontent.com/arzL2o/roca-tile-2026-images/main/swatches/casablanca__solid-white__3.png, https://raw.githubusercontent.com/arzL2o/roca-tile-2026-images/main/swatches/casablanca__solid-white__4.png, https://raw.githubusercontent.com/arzL2o/roca-tile-2026-images/main/swatches/casablanca__solid-white__5.png, https://raw.githubusercontent.com/arzL2o/roca-tile-2026-images/main/swatches/casablanca__solid-white__6.png, https://raw.githubusercontent.com/arzL2o/roca-tile-2026-images/main/swatches/casablanca__solid-white__7.png, https://raw.githubusercontent.com/arzL2o/roca-tile-2026-images/main/swatches/casablanca__solid-white__8.png, https://raw.githubusercontent.com/arzL2o/roca-tile-2026-images/main/swatches/casablanca__solid-white__9.png, https://raw.githubusercontent.com/arzL2o/roca-tile-2026-images/main/swatches/casablanca__solid-white__10.png, https://raw.githubusercontent.com/arzL2o/roca-tile-2026-images/main/swatches/casablanca__solid-white__11.png, https://raw.githubusercontent.com/arzL2o/roca-tile-2026-images/main/swatches/casablanca__solid-white__12.png, https://raw.githubusercontent.com/arzL2o/roca-tile-2026-images/main/swatches/casablanca__solid-white__13.png, https://raw.githubusercontent.com/arzL2o/roca-tile-2026-images/main/swatches/casablanca__solid-white__14.png, https://raw.githubusercontent.com/arzL2o/roca-tile-2026-images/main/swatches/casablanca__solid-white__15.png, https://raw.githubusercontent.com/arzL2o/roca-tile-2026-images/main/swatches/casablanca__solid-white__16.png, https://raw.githubusercontent.com/arzL2o/roca-tile-2026-images/main/swatches/casablanca__solid-white__17.png, https://raw.githubusercontent.com/arzL2o/roca-tile-2026-images/main/swatches/casablanca__solid-white__18.png, https://raw.githubusercontent.com/arzL2o/roca-tile-2026-images/main/swatches/casablanca__solid-white__19.png, https://raw.githubusercontent.com/arzL2o/roca-tile-2026-images/main/swatches/casablanca__solid-white__20.png, https://raw.githubusercontent.com/arzL2o/roca-tile-2026-images/main/swatches/casablanca__solid-white__21.png, https://raw.githubusercontent.com/arzL2o/roca-tile-2026-images/main/swatches/casablanca__solid-white__22.png]","https://raw.githubusercontent.com/arzL2o/roca-tile-2026-images/main/swatches/casablanca__aqua__1.png; https://raw.githubusercontent.com/arzL2o/roca-tile-2026-images/main/swatches/casablanca__aqua__2.png; https://raw.githubusercontent.com/arzL2o/roca-tile-2026-images/main/swatches/casablanca__aqua__3.png; https://raw.githubusercontent.com/arzL2o/roca-tile-2026-images/main/swatches/casablanca__aqua__4.png; https://raw.githubusercontent.com/arzL2o/roca-tile-2026-images/main/swatches/casablanca__aqua__5.png; https://raw.githubusercontent.com/arzL2o/roca-tile-2026-images/main/swatches/casablanca__aqua__6.png; https://raw.githubusercontent.com/arzL2o/roca-tile-2026-images/main/swatches/casablanca__aqua__7.png; https://raw.githubusercontent.com/arzL2o/roca-tile-2026-images/main/swatches/casablanca__aqua__8.png; https://raw.githubusercontent.com/arzL2o/roca-tile-2026-images/main/swatches/casablanca__aqua__9.png; https://raw.githubusercontent.com/arzL2o/roca-tile-2026-images/main/swatches/casablanca__aqua__10.png; https://raw.githubusercontent.com/arzL2o/roca-tile-2026-images/main/swatches/casablanca__aqua__11.png; https://raw.githubusercontent.com/arzL2o/roca-tile-2026-images/main/swatches/casablanca__aqua__12.png; https://raw.githubusercontent.com/arzL2o/roca-tile-2026-images/main/swatches/casablanca__aqua__13.png; https://raw.githubusercontent.com/arzL2o/roca-tile-2026-images/main/swatches/casablanca__fond__1.png; https://raw.githubusercontent.com/arzL2o/roca-tile-2026-images/main/swatches/casablanca__fond__2.png; https://raw.githubusercontent.com/arzL2o/roca-tile-2026-images/main/swatches/casablanca__fond__3.png; https://raw.githubusercontent.com/arzL2o/roca-tile-2026-images/main/swatches/casablanca__fond__4.png; https://raw.githubusercontent.com/arzL2o/roca-tile-2026-images/main/swatches/casablanca__fond__5.png; https://raw.githubusercontent.com/arzL2o/roca-tile-2026-images/main/swatches/casablanca__fond__6.png; https://raw.githubusercontent.com/arzL2o/roca-tile-2026-images/main/swatches/casablanca__fond__7.png; https://raw.githubusercontent.com/arzL2o/roca-tile-2026-images/main/swatches/casablanca__fond__8.png; https://raw.githubusercontent.com/arzL2o/roca-tile-2026-images/main/swatches/casablanca__fond__9.png; https://raw.githubusercontent.com/arzL2o/roca-tile-2026-images/main/swatches/casablanca__fond__10.png; https://raw.githubusercontent.com/arzL2o/roca-tile-2026-images/main/swatches/casablanca__fond__11.png; https://raw.githubusercontent.com/arzL2o/roca-tile-2026-images/main/swatches/casablanca__fond__12.png; https://raw.githubusercontent.com/arzL2o/roca-tile-2026-images/main/swatches/casablanca__fond__13.png; https://raw.githubusercontent.com/arzL2o/roca-tile-2026-images/main/swatches/casablanca__fond__14.png; https://raw.githubusercontent.com/arzL2o/roca-tile-2026-images/main/swatches/casablanca__fond__15.png; https://raw.githubusercontent.com/arzL2o/roca-tile-2026-images/main/swatches/casablanca__fond__16.png; https://raw.githubusercontent.com/arzL2o/roca-tile-2026-images/main/swatches/casablanca__fond__17.png; https://raw.githubusercontent.com/arzL2o/roca-tile-2026-images/main/swatches/casablanca__fond__18.png; https://raw.githubusercontent.com/arzL2o/roca-tile-2026-images/main/swatches/casablanca__fond__19.png; https://raw.githubusercontent.com/arzL2o/roca-tile-2026-images/main/swatches/casablanca__fond__20.png; https://raw.githubusercontent.com/arzL2o/roca-tile-2026-images/main/swatches/casablanca__fond__21.png; https://raw.githubusercontent.com/arzL2o/roca-tile-2026-images/main/swatches/casablanca__fond__22.png; https://raw.githubusercontent.com/arzL2o/roca-tile-2026-images/main/swatches/casablanca__fond__23.png; https://raw.githubusercontent.com/arzL2o/roca-tile-2026-images/main/swatches/casablanca__fond__24.png; https://raw.githubusercontent.com/arzL2o/roca-tile-2026-images/main/swatches/casablanca__solid-black__1.png; https://raw.githubusercontent.com/arzL2o/roca-tile-2026-images/main/swatches/casablanca__solid-black__2.png; https://raw.githubusercontent.com/arzL2o/roca-tile-2026-images/main/swatches/casablanca__solid-black__3.png; https://raw.githubusercontent.com/arzL2o/roca-tile-2026-images/main/swatches/casablanca__solid-black__4.png; https://raw.githubusercontent.com/arzL2o/roca-tile-2026-images/main/swatches/casablanca__solid-black__5.png; https://raw.githubusercontent.com/arzL2o/roca-tile-2026-images/main/swatches/casablanca__solid-black__6.png; https://raw.githubusercontent.com/arzL2o/roca-tile-2026-images/main/swatches/casablanca__solid-black__7.png; https://raw.githubusercontent.com/arzL2o/roca-tile-2026-images/main/swatches/casablanca__solid-black__8.png; https://raw.githubusercontent.com/arzL2o/roca-tile-2026-images/main/swatches/casablanca__solid-black__9.png; https://raw.githubusercontent.com/arzL2o/roca-tile-2026-images/main/swatches/casablanca__solid-black__10.png; https://raw.githubusercontent.com/arzL2o/roca-tile-2026-images/main/swatches/casablanca__solid-black__11.png; https://raw.githubusercontent.com/arzL2o/roca-tile-2026-images/main/swatches/casablanca__solid-black__12.png; https://raw.githubusercontent.com/arzL2o/roca-tile-2026-images/main/swatches/casablanca__solid-black__13.png; https://raw.githubusercontent.com/arzL2o/roca-tile-2026-images/main/swatches/casablanca__solid-black__14.png; https://raw.githubusercontent.com/arzL2o/roca-tile-2026-images/main/swatches/casablanca__solid-black__15.png; https://raw.githubusercontent.com/arzL2o/roca-tile-2026-images/main/swatches/casablanca__solid-gray__1.png; https://raw.githubusercontent.com/arzL2o/roca-tile-2026-images/main/swatches/casablanca__solid-gray__2.png; https://raw.githubusercontent.com/arzL2o/roca-tile-2026-images/main/swatches/casablanca__solid-gray__3.png; https://raw.githubusercontent.com/arzL2o/roca-tile-2026-images/main/swatches/casablanca__solid-gray__4.png; https://raw.githubusercontent.com/arzL2o/roca-tile-2026-images/main/swatches/casablanca__solid-gray__5.png; https://raw.githubusercontent.com/arzL2o/roca-tile-2026-images/main/swatches/casablanca__solid-gray__6.png; https://raw.githubusercontent.com/arzL2o/roca-tile-2026-images/main/swatches/casablanca__solid-gray__7.png; https://raw.githubusercontent.com/arzL2o/roca-tile-2026-images/main/swatches/casablanca__solid-gray__8.png; https://raw.githubusercontent.com/arzL2o/roca-tile-2026-images/main/swatches/casablanca__solid-gray__9.png; https://raw.githubusercontent.com/arzL2o/roca-tile-2026-images/main/swatches/casablanca__solid-white__1.png; https://raw.githubusercontent.com/arzL2o/roca-tile-2026-images/main/swatches/casablanca__solid-white__2.png; https://raw.githubusercontent.com/arzL2o/roca-tile-2026-images/main/swatches/casablanca__solid-white__3.png; https://raw.githubusercontent.com/arzL2o/roca-tile-2026-images/main/swatches/casablanca__solid-white__4.png; https://raw.githubusercontent.com/arzL2o/roca-tile-2026-images/main/swatches/casablanca__solid-white__5.png; https://raw.githubusercontent.com/arzL2o/roca-tile-2026-images/main/swatches/casablanca__solid-white__6.png; https://raw.githubusercontent.com/arzL2o/roca-tile-2026-images/main/swatches/casablanca__solid-white__7.png; https://raw.githubusercontent.com/arzL2o/roca-tile-2026-images/main/swatches/casablanca__solid-white__8.png; https://raw.githubusercontent.com/arzL2o/roca-tile-2026-images/main/swatches/casablanca__solid-white__9.png; https://raw.githubusercontent.com/arzL2o/roca-tile-2026-images/main/swatches/casablanca__solid-white__10.png; https://raw.githubusercontent.com/arzL2o/roca-tile-2026-images/main/swatches/casablanca__solid-white__11.png; https://raw.githubusercontent.com/arzL2o/roca-tile-2026-images/main/swatches/casablanca__solid-white__12.png; https://raw.githubusercontent.com/arzL2o/roca-tile-2026-images/main/swatches/casablanca__solid-white__13.png; https://raw.githubusercontent.com/arzL2o/roca-tile-2026-images/main/swatches/casablanca__solid-white__14.png; https://raw.githubusercontent.com/arzL2o/roca-tile-2026-images/main/swatches/casablanca__solid-white__15.png; https://raw.githubusercontent.com/arzL2o/roca-tile-2026-images/main/swatches/casablanca__solid-white__16.png; https://raw.githubusercontent.com/arzL2o/roca-tile-2026-images/main/swatches/casablanca__solid-white__17.png; https://raw.githubusercontent.com/arzL2o/roca-tile-2026-images/main/swatches/casablanca__solid-white__18.png; https://raw.githubusercontent.com/arzL2o/roca-tile-2026-images/main/swatches/casablanca__solid-white__19.png; https://raw.githubusercontent.com/arzL2o/roca-tile-2026-images/main/swatches/casablanca__solid-white__20.png; https://raw.githubusercontent.com/arzL2o/roca-tile-2026-images/main/swatches/casablanca__solid-white__21.png; https://raw.githubusercontent.com/arzL2o/roca-tile-2026-images/main/swatches/casablanca__solid-white__22.png","https://raw.githubusercontent.com/arzL2o/roca-tile-2026-images/main/lifestyle/casablanca__lifestyle__1.jpg; https://raw.githubusercontent.com/arzL2o/roca-tile-2026-images/main/lifestyle/casablanca__lifestyle__2.jpg",""
"Colonial","","Glazed Porcelain","WOODS","Natural elegance. The warmth and beauty of wood with an exclusive and smooth aesthetic. This collection emulates the unpredictable natural wood in three tones: blanco, roble and almond.","8""x48"" R","3","Almond | Roble | Blanco","Almond [https://raw.githubusercontent.com/arzL2o/roca-tile-2026-images/main/swatches/colonial__almond__1.png, https://raw.githubusercontent.com/arzL2o/roca-tile-2026-images/main/swatches/colonial__almond__2.png, https://raw.githubusercontent.com/arzL2o/roca-tile-2026-images/main/swatches/colonial__almond__3.png] | Roble [https://raw.githubusercontent.com/arzL2o/roca-tile-2026-images/main/swatches/colonial__roble__1.png, https://raw.githubusercontent.com/arzL2o/roca-tile-2026-images/main/swatches/colonial__roble__2.png, https://raw.githubusercontent.com/arzL2o/roca-tile-2026-images/main/swatches/colonial__roble__3.png, https://raw.githubusercontent.com/arzL2o/roca-tile-2026-images/main/swatches/colonial__roble__4.png] | Blanco [https://raw.githubusercontent.com/arzL2o/roca-tile-2026-images/main/swatches/colonial__blanco__1.png, https://raw.githubusercontent.com/arzL2o/roca-tile-2026-images/main/swatches/colonial__blanco__2.png]","https://raw.githubusercontent.com/arzL2o/roca-tile-2026-images/main/swatches/colonial__almond__1.png; https://raw.githubusercontent.com/arzL2o/roca-tile-2026-images/main/swatches/colonial__almond__2.png; https://raw.githubusercontent.com/arzL2o/roca-tile-2026-images/main/swatches/colonial__almond__3.png; https://raw.githubusercontent.com/arzL2o/roca-tile-2026-images/main/swatches/colonial__roble__1.png; https://raw.githubusercontent.com/arzL2o/roca-tile-2026-images/main/swatches/colonial__roble__2.png; https://raw.githubusercontent.com/arzL2o/roca-tile-2026-images/main/swatches/colonial__roble__3.png; https://raw.githubusercontent.com/arzL2o/roca-tile-2026-images/main/swatches/colonial__roble__4.png; https://raw.githubusercontent.com/arzL2o/roca-tile-2026-images/main/swatches/colonial__blanco__1.png; https://raw.githubusercontent.com/arzL2o/roca-tile-2026-images/main/swatches/colonial__blanco__2.png","https://raw.githubusercontent.com/arzL2o/roca-tile-2026-images/main/lifestyle/colonial__lifestyle__1.jpg",""
"Color Collection","","Ceramic Wall","SOLID COLORS","Our flagship collection. This classic has been revamped with a variety of formats and finishes to make it more modern and versatile. Ideal for any commercial or residential space, let our color palette be the inspiration for your next project.","","23","Olive Green Bright | Soft Blue Bright | Deep Blue Bright | Neu Gray | Petrol | Mist | Teal | Snow White Bright | Black Bright | Taupe Matte | White Ice Matte | Biscuit Bright | Biscuit Matte | Tender Gray Bright | Tender Gray Matte | White Ice Bright | Taupe Bright | Cobalt Bright | Red Pepper Bright | Mustard Bright | Yellow Bright | Spring Green Bright | Kelly Bright","Olive Green Bright [https://raw.githubusercontent.com/arzL2o/roca-tile-2026-images/main/swatches/color-collection__olive-green-bright__1.png] | Soft Blue Bright [https://raw.githubusercontent.com/arzL2o/roca-tile-2026-images/main/swatches/color-collection__soft-blue-bright__1.png] | Deep Blue Bright [https://raw.githubusercontent.com/arzL2o/roca-tile-2026-images/main/swatches/color-collection__deep-blue-bright__1.png] | Neu Gray [https://raw.githubusercontent.com/arzL2o/roca-tile-2026-images/main/swatches/color-collection__neu-gray__1.png] | Petrol [https://raw.githubusercontent.com/arzL2o/roca-tile-2026-images/main/swatches/color-collection__petrol__1.png] | Mist [https://raw.githubusercontent.com/arzL2o/roca-tile-2026-images/main/swatches/color-collection__mist__1.png] | Teal [https://raw.githubusercontent.com/arzL2o/roca-tile-2026-images/main/swatches/color-collection__teal__1.png] | Snow White Bright [no image extracted] | Black Bright [no image extracted] | Taupe Matte [no image extracted] | White Ice Matte [no image extracted] | Biscuit Bright [no image extracted] | Biscuit Matte [no image extracted] | Tender Gray Bright [no image extracted] | Tender Gray Matte [no image extracted] | White Ice Bright [no image extracted] | Taupe Bright [no image extracted] | Cobalt Bright [no image extracted] | Red Pepper Bright [no image extracted] | Mustard Bright [no image extracted] | Yellow Bright [no image extracted] | Spring Green Bright [no image extracted] | Kelly Bright [no image extracted]","https://raw.githubusercontent.com/arzL2o/roca-tile-2026-images/main/swatches/color-collection__olive-green-bright__1.png; https://raw.githubusercontent.com/arzL2o/roca-tile-2026-images/main/swatches/color-collection__soft-blue-bright__1.png; https://raw.githubusercontent.com/arzL2o/roca-tile-2026-images/main/swatches/color-collection__deep-blue-bright__1.png; https://raw.githubusercontent.com/arzL2o/roca-tile-2026-images/main/swatches/color-collection__neu-gray__1.png; https://raw.githubusercontent.com/arzL2o/roca-tile-2026-images/main/swatches/color-collection__petrol__1.png; https://raw.githubusercontent.com/arzL2o/roca-tile-2026-images/main/swatches/color-collection__mist__1.png; https://raw.githubusercontent.com/arzL2o/roca-tile-2026-images/main/swatches/color-collection__teal__1.png","https://raw.githubusercontent.com/arzL2o/roca-tile-2026-images/main/lifestyle/color-collection__lifestyle__1.jpg; https://raw.githubusercontent.com/arzL2o/roca-tile-2026-images/main/lifestyle/color-collection__lifestyle__2.jpg; https://raw.githubusercontent.com/arzL2o/roca-tile-2026-images/main/lifestyle/color-collection__lifestyle__3.jpg; https://raw.githubusercontent.com/arzL2o/roca-tile-2026-images/main/lifestyle/color-collection__lifestyle__4.jpg; https://raw.githubusercontent.com/arzL2o/roca-tile-2026-images/main/lifestyle/color-collection__lifestyle__5.jpg",""
"Concrete Gray","Slabs","Matte & Polished Porcelain","MARBLES - STONES - CONCRETES","","48""x48"" R; 24""x48"" R","1","Concrete Gray","Concrete Gray [https://raw.githubusercontent.com/arzL2o/roca-tile-2026-images/main/swatches/concrete-gray__concrete-gray__1.png]","https://raw.githubusercontent.com/arzL2o/roca-tile-2026-images/main/swatches/concrete-gray__concrete-gray__1.png","https://raw.githubusercontent.com/arzL2o/roca-tile-2026-images/main/lifestyle/concrete-gray__lifestyle__1.jpg",""
"Concrete Off White","Slabs","Matte & Polished Porcelain","MARBLES - STONES - CONCRETES","","48""x48"" R; 24""x48"" R","1","Concrete Off White","Concrete Off White [https://raw.githubusercontent.com/arzL2o/roca-tile-2026-images/main/swatches/concrete-off-white__concrete-off-white__1.png, https://raw.githubusercontent.com/arzL2o/roca-tile-2026-images/main/swatches/concrete-off-white__concrete-off-white__2.png]","https://raw.githubusercontent.com/arzL2o/roca-tile-2026-images/main/swatches/concrete-off-white__concrete-off-white__1.png; https://raw.githubusercontent.com/arzL2o/roca-tile-2026-images/main/swatches/concrete-off-white__concrete-off-white__2.png","https://raw.githubusercontent.com/arzL2o/roca-tile-2026-images/main/lifestyle/concrete-off-white__lifestyle__1.jpg",""
"Contour","","Ceramic Wall","MOSA ICS","Contour is a bold tile collection defined by depth, gloss, and sculptural expression. Its rich burgundy tone is enhanced by a high-shine finish, while select 3D pieces introduce dimensional relief that plays with light and shadow. Designed to combine flat and textured surfaces, Contour creates dynamic wall compositions with movement, rhythm, and architectural impact.","8""x12"" Mosaic Mesh","4","Alabaster | Mocha | Burgundy | Cobalt","Alabaster [https://raw.githubusercontent.com/arzL2o/roca-tile-2026-images/main/swatches/contour__alabaster__1.png] | Mocha [https://raw.githubusercontent.com/arzL2o/roca-tile-2026-images/main/swatches/contour__mocha__1.png] | Burgundy [https://raw.githubusercontent.com/arzL2o/roca-tile-2026-images/main/swatches/contour__burgundy__1.png] | Cobalt [https://raw.githubusercontent.com/arzL2o/roca-tile-2026-images/main/swatches/contour__cobalt__1.png]","https://raw.githubusercontent.com/arzL2o/roca-tile-2026-images/main/swatches/contour__alabaster__1.png; https://raw.githubusercontent.com/arzL2o/roca-tile-2026-images/main/swatches/contour__mocha__1.png; https://raw.githubusercontent.com/arzL2o/roca-tile-2026-images/main/swatches/contour__burgundy__1.png; https://raw.githubusercontent.com/arzL2o/roca-tile-2026-images/main/swatches/contour__cobalt__1.png","https://raw.githubusercontent.com/arzL2o/roca-tile-2026-images/main/lifestyle/contour__lifestyle__1.jpg; https://raw.githubusercontent.com/arzL2o/roca-tile-2026-images/main/lifestyle/contour__lifestyle__2.jpg",""
"Decorative Accents","","Ceramic Wall","SOLID COLORS","Add a more elaborate finish to any space with our Decorative Accents collection. Made to coordinate with our Color Collection, this series is ideal for any bathroom or kitchen project. Get creative, mix and match, your design possibilities have no limit.","","0","","","","https://raw.githubusercontent.com/arzL2o/roca-tile-2026-images/main/lifestyle/decorative-accents__lifestyle__1.jpg",""
"Derby","","Glazed Porcelain","MARBLES - STONES - CONCRETES","With a minimalistic inspiration, Derby offers porcelain tiles that replicate the design of marked cement where the movement of graphics plays subtly in changes of hues and less defined frames. Its porcelain finish makes it suitable both for commercial and residential applications.","24""x24"" R","1","Gris","Gris [https://raw.githubusercontent.com/arzL2o/roca-tile-2026-images/main/swatches/derby__gris__1.png]","https://raw.githubusercontent.com/arzL2o/roca-tile-2026-images/main/swatches/derby__gris__1.png","https://raw.githubusercontent.com/arzL2o/roca-tile-2026-images/main/lifestyle/derby__lifestyle__1.jpg; https://raw.githubusercontent.com/arzL2o/roca-tile-2026-images/main/lifestyle/derby__lifestyle__2.jpg",""
"Dolce & Vita","","Matte Porcelain","STONES","Dolce & Vita is a call to design spaces where balance, creativity and inspiration coexist. It is design with soul. It is life to be enjoyed. Like a mineral surface softened by time, Dolce is a porcelain base with a refined aesthetic, where visual harmony and material calm reign supreme. With a subtle texture and a neutral palette inspired by cement tones, it combines effortlessly and integrates naturally. Dolce is composed of a solid and surrounding base that adapts without imposing itself, allowing the environment to breathe. Vita awakens the senses. It reinterprets terrazzo from a contemporary and expressive perspective, with fragments of colour that dot the surface like confetti on a canvas. Vita is","48""x48"" R; 12""x36"" R; 24""x24"" R","6","Beige | Suite Vita Beige | Suite Vita Gris | Gris | Vita Gris | Vita Beige","Beige [https://raw.githubusercontent.com/arzL2o/roca-tile-2026-images/main/swatches/dolce-vita__beige__1.png] | Suite Vita Beige [https://raw.githubusercontent.com/arzL2o/roca-tile-2026-images/main/swatches/dolce-vita__suite-vita-beige__1.png, https://raw.githubusercontent.com/arzL2o/roca-tile-2026-images/main/swatches/dolce-vita__suite-vita-beige__2.png] | Suite Vita Gris [https://raw.githubusercontent.com/arzL2o/roca-tile-2026-images/main/swatches/dolce-vita__suite-vita-gris__1.png, https://raw.githubusercontent.com/arzL2o/roca-tile-2026-images/main/swatches/dolce-vita__suite-vita-gris__2.png] | Gris [https://raw.githubusercontent.com/arzL2o/roca-tile-2026-images/main/swatches/dolce-vita__gris__1.png] | Vita Gris [no image extracted] | Vita Beige [no image extracted]","https://raw.githubusercontent.com/arzL2o/roca-tile-2026-images/main/swatches/dolce-vita__beige__1.png; https://raw.githubusercontent.com/arzL2o/roca-tile-2026-images/main/swatches/dolce-vita__suite-vita-beige__1.png; https://raw.githubusercontent.com/arzL2o/roca-tile-2026-images/main/swatches/dolce-vita__suite-vita-beige__2.png; https://raw.githubusercontent.com/arzL2o/roca-tile-2026-images/main/swatches/dolce-vita__suite-vita-gris__1.png; https://raw.githubusercontent.com/arzL2o/roca-tile-2026-images/main/swatches/dolce-vita__suite-vita-gris__2.png; https://raw.githubusercontent.com/arzL2o/roca-tile-2026-images/main/swatches/dolce-vita__gris__1.png","https://raw.githubusercontent.com/arzL2o/roca-tile-2026-images/main/lifestyle/dolce-vita__lifestyle__1.jpg",""
"Downtown","","Color Body Porcelain","INDUSTRIA L","Transform your space into a place of gathering, exchange and interaction with our Downtown series. This color body porcelain is available in multiple colors and formats that provide a clean and rigorous look.","24""x24"" R; 12""x24"" R","4","Gris | Blanco | Antracita | Marengo","Gris [https://raw.githubusercontent.com/arzL2o/roca-tile-2026-images/main/swatches/downtown__gris__1.png] | Blanco [https://raw.githubusercontent.com/arzL2o/roca-tile-2026-images/main/swatches/downtown__blanco__1.png] | Antracita [https://raw.githubusercontent.com/arzL2o/roca-tile-2026-images/main/swatches/downtown__antracita__1.png] | Marengo [https://raw.githubusercontent.com/arzL2o/roca-tile-2026-images/main/swatches/downtown__marengo__1.png]","https://raw.githubusercontent.com/arzL2o/roca-tile-2026-images/main/swatches/downtown__gris__1.png; https://raw.githubusercontent.com/arzL2o/roca-tile-2026-images/main/swatches/downtown__blanco__1.png; https://raw.githubusercontent.com/arzL2o/roca-tile-2026-images/main/swatches/downtown__antracita__1.png; https://raw.githubusercontent.com/arzL2o/roca-tile-2026-images/main/swatches/downtown__marengo__1.png","https://raw.githubusercontent.com/arzL2o/roca-tile-2026-images/main/lifestyle/downtown__lifestyle__1.jpg",""
"Essence","","Glazed Porcelain","WOODS","Embrace the natural beauty of wood in your home with Essence - a serie that replicates the intricate patterns and rich grains of real wood. With its authentic design, this collection radiates warmth and comfort, creating a serene and tranquil ambiance in any space. Essence is available in four stunning shades, offering a variety of options to suit your personal style and preferences.","9""x35""","4","Silver | Pearl | Ash | Maple","Silver [https://raw.githubusercontent.com/arzL2o/roca-tile-2026-images/main/swatches/essence__silver__1.png] | Pearl [https://raw.githubusercontent.com/arzL2o/roca-tile-2026-images/main/swatches/essence__pearl__1.png, https://raw.githubusercontent.com/arzL2o/roca-tile-2026-images/main/swatches/essence__pearl__2.png, https://raw.githubusercontent.com/arzL2o/roca-tile-2026-images/main/swatches/essence__pearl__3.png] | Ash [https://raw.githubusercontent.com/arzL2o/roca-tile-2026-images/main/swatches/essence__ash__1.png] | Maple [https://raw.githubusercontent.com/arzL2o/roca-tile-2026-images/main/swatches/essence__maple__1.png, https://raw.githubusercontent.com/arzL2o/roca-tile-2026-images/main/swatches/essence__maple__2.png, https://raw.githubusercontent.com/arzL2o/roca-tile-2026-images/main/swatches/essence__maple__3.png]","https://raw.githubusercontent.com/arzL2o/roca-tile-2026-images/main/swatches/essence__silver__1.png; https://raw.githubusercontent.com/arzL2o/roca-tile-2026-images/main/swatches/essence__pearl__1.png; https://raw.githubusercontent.com/arzL2o/roca-tile-2026-images/main/swatches/essence__pearl__2.png; https://raw.githubusercontent.com/arzL2o/roca-tile-2026-images/main/swatches/essence__pearl__3.png; https://raw.githubusercontent.com/arzL2o/roca-tile-2026-images/main/swatches/essence__ash__1.png; https://raw.githubusercontent.com/arzL2o/roca-tile-2026-images/main/swatches/essence__maple__1.png; https://raw.githubusercontent.com/arzL2o/roca-tile-2026-images/main/swatches/essence__maple__2.png; https://raw.githubusercontent.com/arzL2o/roca-tile-2026-images/main/swatches/essence__maple__3.png","https://raw.githubusercontent.com/arzL2o/roca-tile-2026-images/main/lifestyle/essence__lifestyle__1.jpg",""
"Everglade","","Glazed Porcelain","WOODS","The representation of tradition and comfort. Our Everglade collection allows you to create a warm and rustic space while maintaining the durability and resistance of a porcelain plank.","8""x48"" R","3","Nogales | Forest | Warm Gray","Nogales [https://raw.githubusercontent.com/arzL2o/roca-tile-2026-images/main/swatches/everglade__nogales__1.png, https://raw.githubusercontent.com/arzL2o/roca-tile-2026-images/main/swatches/everglade__nogales__2.png, https://raw.githubusercontent.com/arzL2o/roca-tile-2026-images/main/swatches/everglade__nogales__3.png, https://raw.githubusercontent.com/arzL2o/roca-tile-2026-images/main/swatches/everglade__nogales__4.png] | Forest [https://raw.githubusercontent.com/arzL2o/roca-tile-2026-images/main/swatches/everglade__forest__1.png, https://raw.githubusercontent.com/arzL2o/roca-tile-2026-images/main/swatches/everglade__forest__2.png] | Warm Gray [https://raw.githubusercontent.com/arzL2o/roca-tile-2026-images/main/swatches/everglade__warm-gray__1.png, https://raw.githubusercontent.com/arzL2o/roca-tile-2026-images/main/swatches/everglade__warm-gray__2.png, https://raw.githubusercontent.com/arzL2o/roca-tile-2026-images/main/swatches/everglade__warm-gray__3.png]","https://raw.githubusercontent.com/arzL2o/roca-tile-2026-images/main/swatches/everglade__nogales__1.png; https://raw.githubusercontent.com/arzL2o/roca-tile-2026-images/main/swatches/everglade__nogales__2.png; https://raw.githubusercontent.com/arzL2o/roca-tile-2026-images/main/swatches/everglade__nogales__3.png; https://raw.githubusercontent.com/arzL2o/roca-tile-2026-images/main/swatches/everglade__nogales__4.png; https://raw.githubusercontent.com/arzL2o/roca-tile-2026-images/main/swatches/everglade__forest__1.png; https://raw.githubusercontent.com/arzL2o/roca-tile-2026-images/main/swatches/everglade__forest__2.png; https://raw.githubusercontent.com/arzL2o/roca-tile-2026-images/main/swatches/everglade__warm-gray__1.png; https://raw.githubusercontent.com/arzL2o/roca-tile-2026-images/main/swatches/everglade__warm-gray__2.png; https://raw.githubusercontent.com/arzL2o/roca-tile-2026-images/main/swatches/everglade__warm-gray__3.png","https://raw.githubusercontent.com/arzL2o/roca-tile-2026-images/main/lifestyle/everglade__lifestyle__1.jpg",""
"Feathers","","Ceramic Wall","HA NDMA DE","Delight in the beauty of nature with this one-of-a- kind tile. With their organic shape and subtle colors, Feathers add a touch of Zen wherever it's placed. Mix and match them to create your own unique look.","3""x12""","4","Seagrass | Wool | White Ice | Grass","Seagrass [https://raw.githubusercontent.com/arzL2o/roca-tile-2026-images/main/swatches/feathers__seagrass__1.png] | Wool [https://raw.githubusercontent.com/arzL2o/roca-tile-2026-images/main/swatches/feathers__wool__1.png, https://raw.githubusercontent.com/arzL2o/roca-tile-2026-images/main/swatches/feathers__wool__2.png] | White Ice [https://raw.githubusercontent.com/arzL2o/roca-tile-2026-images/main/swatches/feathers__white-ice__1.png] | Grass [https://raw.githubusercontent.com/arzL2o/roca-tile-2026-images/main/swatches/feathers__grass__1.png]","https://raw.githubusercontent.com/arzL2o/roca-tile-2026-images/main/swatches/feathers__seagrass__1.png; https://raw.githubusercontent.com/arzL2o/roca-tile-2026-images/main/swatches/feathers__wool__1.png; https://raw.githubusercontent.com/arzL2o/roca-tile-2026-images/main/swatches/feathers__wool__2.png; https://raw.githubusercontent.com/arzL2o/roca-tile-2026-images/main/swatches/feathers__white-ice__1.png; https://raw.githubusercontent.com/arzL2o/roca-tile-2026-images/main/swatches/feathers__grass__1.png","https://raw.githubusercontent.com/arzL2o/roca-tile-2026-images/main/lifestyle/feathers__lifestyle__1.jpg",""
"Flow","","Ceramic Wall & Gres Stoneware","HA NDMA DE","Inspired by the movement of water, our Flow collection transforms any room with its fresh color palette and unique texture, creating a space that stimulates the senses. Far from the traditional handmade tiles, this collection creates the ideal oasis for anyone that loves feeling revitalized and enjoys modern adaptations of classics.","3""x12""","10","Peacock Green | White | Tender Gray | Dark Gray | Cosmic Sapphire | Frost | Atoll Blue | Living Green | Lavender | Velvet Pink","Peacock Green [https://raw.githubusercontent.com/arzL2o/roca-tile-2026-images/main/swatches/flow__peacock-green__1.png] | White [https://raw.githubusercontent.com/arzL2o/roca-tile-2026-images/main/swatches/flow__white__1.png] | Tender Gray [https://raw.githubusercontent.com/arzL2o/roca-tile-2026-images/main/swatches/flow__tender-gray__1.png] | Dark Gray [https://raw.githubusercontent.com/arzL2o/roca-tile-2026-images/main/swatches/flow__dark-gray__1.png] | Cosmic Sapphire [https://raw.githubusercontent.com/arzL2o/roca-tile-2026-images/main/swatches/flow__cosmic-sapphire__1.png] | Frost [https://raw.githubusercontent.com/arzL2o/roca-tile-2026-images/main/swatches/flow__frost__1.png, https://raw.githubusercontent.com/arzL2o/roca-tile-2026-images/main/swatches/flow__frost__2.png] | Atoll Blue [https://raw.githubusercontent.com/arzL2o/roca-tile-2026-images/main/swatches/flow__atoll-blue__1.png] | Living Green [https://raw.githubusercontent.com/arzL2o/roca-tile-2026-images/main/swatches/flow__living-green__1.png] | Lavender [https://raw.githubusercontent.com/arzL2o/roca-tile-2026-images/main/swatches/flow__lavender__1.png, https://raw.githubusercontent.com/arzL2o/roca-tile-2026-images/main/swatches/flow__lavender__2.png] | Velvet Pink [no image extracted]","https://raw.githubusercontent.com/arzL2o/roca-tile-2026-images/main/swatches/flow__peacock-green__1.png; https://raw.githubusercontent.com/arzL2o/roca-tile-2026-images/main/swatches/flow__white__1.png; https://raw.githubusercontent.com/arzL2o/roca-tile-2026-images/main/swatches/flow__tender-gray__1.png; https://raw.githubusercontent.com/arzL2o/roca-tile-2026-images/main/swatches/flow__dark-gray__1.png; https://raw.githubusercontent.com/arzL2o/roca-tile-2026-images/main/swatches/flow__cosmic-sapphire__1.png; https://raw.githubusercontent.com/arzL2o/roca-tile-2026-images/main/swatches/flow__frost__1.png; https://raw.githubusercontent.com/arzL2o/roca-tile-2026-images/main/swatches/flow__frost__2.png; https://raw.githubusercontent.com/arzL2o/roca-tile-2026-images/main/swatches/flow__atoll-blue__1.png; https://raw.githubusercontent.com/arzL2o/roca-tile-2026-images/main/swatches/flow__living-green__1.png; https://raw.githubusercontent.com/arzL2o/roca-tile-2026-images/main/swatches/flow__lavender__1.png; https://raw.githubusercontent.com/arzL2o/roca-tile-2026-images/main/swatches/flow__lavender__2.png","https://raw.githubusercontent.com/arzL2o/roca-tile-2026-images/main/lifestyle/flow__lifestyle__1.jpg; https://raw.githubusercontent.com/arzL2o/roca-tile-2026-images/main/lifestyle/flow__lifestyle__2.jpg",""
"Forge","","Quarry Tile","INDUSTRIA L","Immerse your space in the strength and beauty of nature with the Forg"" collection. Crafted from rich red quarry stone, each tile exudes an earthy warmth and rugged sophistication. Perfect for both contemporary and rustic interiors, these tiles offer a lasting impression with their deep, fiery tones and textured finishes, evoking the energy of the forge itself.","6""x6""; 1""x6""; 1""x5""","7","Red | Red ABS | Spanish Red | Cove | Outside Corner | Inside Corner | Bullnose","Red [https://raw.githubusercontent.com/arzL2o/roca-tile-2026-images/main/swatches/forge__red__1.png, https://raw.githubusercontent.com/arzL2o/roca-tile-2026-images/main/swatches/forge__red__2.png, https://raw.githubusercontent.com/arzL2o/roca-tile-2026-images/main/swatches/forge__red__3.png, https://raw.githubusercontent.com/arzL2o/roca-tile-2026-images/main/swatches/forge__red__4.png] | Red ABS [https://raw.githubusercontent.com/arzL2o/roca-tile-2026-images/main/swatches/forge__red-abs__1.png, https://raw.githubusercontent.com/arzL2o/roca-tile-2026-images/main/swatches/forge__red-abs__2.png, https://raw.githubusercontent.com/arzL2o/roca-tile-2026-images/main/swatches/forge__red-abs__3.png, https://raw.githubusercontent.com/arzL2o/roca-tile-2026-images/main/swatches/forge__red-abs__4.png] | Spanish Red [https://raw.githubusercontent.com/arzL2o/roca-tile-2026-images/main/swatches/forge__spanish-red__1.png, https://raw.githubusercontent.com/arzL2o/roca-tile-2026-images/main/swatches/forge__spanish-red__2.png, https://raw.githubusercontent.com/arzL2o/roca-tile-2026-images/main/swatches/forge__spanish-red__3.png] | Cove [https://raw.githubusercontent.com/arzL2o/roca-tile-2026-images/main/swatches/forge__cove__1.png] | Outside Corner [no image extracted] | Inside Corner [no image extracted] | Bullnose [no image extracted]","https://raw.githubusercontent.com/arzL2o/roca-tile-2026-images/main/swatches/forge__red__1.png; https://raw.githubusercontent.com/arzL2o/roca-tile-2026-images/main/swatches/forge__red__2.png; https://raw.githubusercontent.com/arzL2o/roca-tile-2026-images/main/swatches/forge__red__3.png; https://raw.githubusercontent.com/arzL2o/roca-tile-2026-images/main/swatches/forge__red__4.png; https://raw.githubusercontent.com/arzL2o/roca-tile-2026-images/main/swatches/forge__red-abs__1.png; https://raw.githubusercontent.com/arzL2o/roca-tile-2026-images/main/swatches/forge__red-abs__2.png; https://raw.githubusercontent.com/arzL2o/roca-tile-2026-images/main/swatches/forge__red-abs__3.png; https://raw.githubusercontent.com/arzL2o/roca-tile-2026-images/main/swatches/forge__red-abs__4.png; https://raw.githubusercontent.com/arzL2o/roca-tile-2026-images/main/swatches/forge__spanish-red__1.png; https://raw.githubusercontent.com/arzL2o/roca-tile-2026-images/main/swatches/forge__spanish-red__2.png; https://raw.githubusercontent.com/arzL2o/roca-tile-2026-images/main/swatches/forge__spanish-red__3.png; https://raw.githubusercontent.com/arzL2o/roca-tile-2026-images/main/swatches/forge__cove__1.png","https://raw.githubusercontent.com/arzL2o/roca-tile-2026-images/main/lifestyle/forge__lifestyle__1.jpg",""
"Groove","","Ceramic Wall","3 D - TEXTURES","The Groove Series has a 3D relief with transverse grooves. The three-dimensional effect becomes even more evident with the incidence of light. The pieces fit perfectly together and the continuous relief brings sophistication and spaciousness to the projects, giving personality to the walls.","12""x36"" R","1","Groove","Groove [https://raw.githubusercontent.com/arzL2o/roca-tile-2026-images/main/swatches/groove__groove__1.png]","https://raw.githubusercontent.com/arzL2o/roca-tile-2026-images/main/swatches/groove__groove__1.png","https://raw.githubusercontent.com/arzL2o/roca-tile-2026-images/main/lifestyle/groove__lifestyle__1.jpg",""
"Harmony","","Ceramic Wall","HA NDMA DE","Harmony, part of our Decorative collection, is a handcrafted series featuring flowing reliefs that evoke the artistry of individually fired stoneware ceramics. Its versatile palette ranges from serene light tones to deep, rich shades, enabling endless design possibilities. Combining luminosity, simplicity, and a tactile appeal, Harmony unites tradition and modernity in a compact format, offering both aesthetic elegance and functional versatility for any interior project.","3""x12""","5","Bone | Indigo | Moka | Silver | Sky","Bone [https://raw.githubusercontent.com/arzL2o/roca-tile-2026-images/main/swatches/harmony__bone__1.png] | Indigo [https://raw.githubusercontent.com/arzL2o/roca-tile-2026-images/main/swatches/harmony__indigo__1.png] | Moka [https://raw.githubusercontent.com/arzL2o/roca-tile-2026-images/main/swatches/harmony__moka__1.png] | Silver [https://raw.githubusercontent.com/arzL2o/roca-tile-2026-images/main/swatches/harmony__silver__1.png] | Sky [https://raw.githubusercontent.com/arzL2o/roca-tile-2026-images/main/swatches/harmony__sky__1.png]","https://raw.githubusercontent.com/arzL2o/roca-tile-2026-images/main/swatches/harmony__bone__1.png; https://raw.githubusercontent.com/arzL2o/roca-tile-2026-images/main/swatches/harmony__indigo__1.png; https://raw.githubusercontent.com/arzL2o/roca-tile-2026-images/main/swatches/harmony__moka__1.png; https://raw.githubusercontent.com/arzL2o/roca-tile-2026-images/main/swatches/harmony__silver__1.png; https://raw.githubusercontent.com/arzL2o/roca-tile-2026-images/main/swatches/harmony__sky__1.png","https://raw.githubusercontent.com/arzL2o/roca-tile-2026-images/main/lifestyle/harmony__lifestyle__1.jpg",""
"Jewels","","Glazed Porcelain","MA RBLES","The brilliance of marble is captured in this stunning tile collection, which radiates sophistication and elegance. Whether you prefer a polished or matte finish, each tile features a distinct marble-inspired design that replicates the natural beauty and uniqueness of these stones. With a vast array of options to choose from, this collection caters to every taste and style.","24""x48"" R; 12""x24"" R","7","Laurent White | Maurice Black | Mattia White | Therry Cream | Etienne Light Gray | Etienne Gray | Vince White","Laurent White [https://raw.githubusercontent.com/arzL2o/roca-tile-2026-images/main/swatches/jewels__laurent-white__1.png] | Maurice Black [https://raw.githubusercontent.com/arzL2o/roca-tile-2026-images/main/swatches/jewels__maurice-black__1.png] | Mattia White [https://raw.githubusercontent.com/arzL2o/roca-tile-2026-images/main/swatches/jewels__mattia-white__1.png, https://raw.githubusercontent.com/arzL2o/roca-tile-2026-images/main/swatches/jewels__mattia-white__2.png, https://raw.githubusercontent.com/arzL2o/roca-tile-2026-images/main/swatches/jewels__mattia-white__3.png] | Therry Cream [https://raw.githubusercontent.com/arzL2o/roca-tile-2026-images/main/swatches/jewels__therry-cream__1.png, https://raw.githubusercontent.com/arzL2o/roca-tile-2026-images/main/swatches/jewels__therry-cream__2.png] | Etienne Light Gray [https://raw.githubusercontent.com/arzL2o/roca-tile-2026-images/main/swatches/jewels__etienne-light-gray__1.png, https://raw.githubusercontent.com/arzL2o/roca-tile-2026-images/main/swatches/jewels__etienne-light-gray__2.png, https://raw.githubusercontent.com/arzL2o/roca-tile-2026-images/main/swatches/jewels__etienne-light-gray__3.png, https://raw.githubusercontent.com/arzL2o/roca-tile-2026-images/main/swatches/jewels__etienne-light-gray__4.png] | Etienne Gray [https://raw.githubusercontent.com/arzL2o/roca-tile-2026-images/main/swatches/jewels__etienne-gray__1.png, https://raw.githubusercontent.com/arzL2o/roca-tile-2026-images/main/swatches/jewels__etienne-gray__2.png] | Vince White [https://raw.githubusercontent.com/arzL2o/roca-tile-2026-images/main/swatches/jewels__vince-white__1.png, https://raw.githubusercontent.com/arzL2o/roca-tile-2026-images/main/swatches/jewels__vince-white__2.png, https://raw.githubusercontent.com/arzL2o/roca-tile-2026-images/main/swatches/jewels__vince-white__3.png, https://raw.githubusercontent.com/arzL2o/roca-tile-2026-images/main/swatches/jewels__vince-white__4.png, https://raw.githubusercontent.com/arzL2o/roca-tile-2026-images/main/swatches/jewels__vince-white__5.png, https://raw.githubusercontent.com/arzL2o/roca-tile-2026-images/main/swatches/jewels__vince-white__6.png, https://raw.githubusercontent.com/arzL2o/roca-tile-2026-images/main/swatches/jewels__vince-white__7.png, https://raw.githubusercontent.com/arzL2o/roca-tile-2026-images/main/swatches/jewels__vince-white__8.png]","https://raw.githubusercontent.com/arzL2o/roca-tile-2026-images/main/swatches/jewels__laurent-white__1.png; https://raw.githubusercontent.com/arzL2o/roca-tile-2026-images/main/swatches/jewels__maurice-black__1.png; https://raw.githubusercontent.com/arzL2o/roca-tile-2026-images/main/swatches/jewels__mattia-white__1.png; https://raw.githubusercontent.com/arzL2o/roca-tile-2026-images/main/swatches/jewels__mattia-white__2.png; https://raw.githubusercontent.com/arzL2o/roca-tile-2026-images/main/swatches/jewels__mattia-white__3.png; https://raw.githubusercontent.com/arzL2o/roca-tile-2026-images/main/swatches/jewels__therry-cream__1.png; https://raw.githubusercontent.com/arzL2o/roca-tile-2026-images/main/swatches/jewels__therry-cream__2.png; https://raw.githubusercontent.com/arzL2o/roca-tile-2026-images/main/swatches/jewels__etienne-light-gray__1.png; https://raw.githubusercontent.com/arzL2o/roca-tile-2026-images/main/swatches/jewels__etienne-light-gray__2.png; https://raw.githubusercontent.com/arzL2o/roca-tile-2026-images/main/swatches/jewels__etienne-light-gray__3.png; https://raw.githubusercontent.com/arzL2o/roca-tile-2026-images/main/swatches/jewels__etienne-light-gray__4.png; https://raw.githubusercontent.com/arzL2o/roca-tile-2026-images/main/swatches/jewels__etienne-gray__1.png; https://raw.githubusercontent.com/arzL2o/roca-tile-2026-images/main/swatches/jewels__etienne-gray__2.png; https://raw.githubusercontent.com/arzL2o/roca-tile-2026-images/main/swatches/jewels__vince-white__1.png; https://raw.githubusercontent.com/arzL2o/roca-tile-2026-images/main/swatches/jewels__vince-white__2.png; https://raw.githubusercontent.com/arzL2o/roca-tile-2026-images/main/swatches/jewels__vince-white__3.png; https://raw.githubusercontent.com/arzL2o/roca-tile-2026-images/main/swatches/jewels__vince-white__4.png; https://raw.githubusercontent.com/arzL2o/roca-tile-2026-images/main/swatches/jewels__vince-white__5.png; https://raw.githubusercontent.com/arzL2o/roca-tile-2026-images/main/swatches/jewels__vince-white__6.png; https://raw.githubusercontent.com/arzL2o/roca-tile-2026-images/main/swatches/jewels__vince-white__7.png; https://raw.githubusercontent.com/arzL2o/roca-tile-2026-images/main/swatches/jewels__vince-white__8.png","https://raw.githubusercontent.com/arzL2o/roca-tile-2026-images/main/lifestyle/jewels__lifestyle__1.jpg; https://raw.githubusercontent.com/arzL2o/roca-tile-2026-images/main/lifestyle/jewels__lifestyle__2.jpg; https://raw.githubusercontent.com/arzL2o/roca-tile-2026-images/main/lifestyle/jewels__lifestyle__3.jpg; https://raw.githubusercontent.com/arzL2o/roca-tile-2026-images/main/lifestyle/jewels__lifestyle__4.jpg; https://raw.githubusercontent.com/arzL2o/roca-tile-2026-images/main/lifestyle/jewels__lifestyle__5.jpg",""
"June","","Glazed Porcelain","STONES","Lines, touch and color merge into June bringing calmness in its purest form. Its stone appearance fuses a careful printing and relief technique with neutral shades of gray or graphite and subtle flashes of light similar to those generated by the sun in natural stone. Once laid out, it faithfully maintains the appearance of a limestone that brings to mind white and pearly sea sands with a soft, diverse texture and rich in nuances.","24""x48"" R; 24""x24"" R; 12""x36"" R","6","Caliza | Gris | Suite Caliza | Suite Gris | Suite Grafito | Grafito","Caliza [https://raw.githubusercontent.com/arzL2o/roca-tile-2026-images/main/swatches/june__caliza__1.png] | Gris [https://raw.githubusercontent.com/arzL2o/roca-tile-2026-images/main/swatches/june__gris__1.png] | Suite Caliza [https://raw.githubusercontent.com/arzL2o/roca-tile-2026-images/main/swatches/june__suite-caliza__1.png] | Suite Gris [https://raw.githubusercontent.com/arzL2o/roca-tile-2026-images/main/swatches/june__suite-gris__1.png] | Suite Grafito [https://raw.githubusercontent.com/arzL2o/roca-tile-2026-images/main/swatches/june__suite-grafito__1.png] | Grafito [https://raw.githubusercontent.com/arzL2o/roca-tile-2026-images/main/swatches/june__grafito__1.png]","https://raw.githubusercontent.com/arzL2o/roca-tile-2026-images/main/swatches/june__caliza__1.png; https://raw.githubusercontent.com/arzL2o/roca-tile-2026-images/main/swatches/june__gris__1.png; https://raw.githubusercontent.com/arzL2o/roca-tile-2026-images/main/swatches/june__suite-caliza__1.png; https://raw.githubusercontent.com/arzL2o/roca-tile-2026-images/main/swatches/june__suite-gris__1.png; https://raw.githubusercontent.com/arzL2o/roca-tile-2026-images/main/swatches/june__suite-grafito__1.png; https://raw.githubusercontent.com/arzL2o/roca-tile-2026-images/main/swatches/june__grafito__1.png","https://raw.githubusercontent.com/arzL2o/roca-tile-2026-images/main/lifestyle/june__lifestyle__1.jpg",""
"Koronis","Slabs","Matte & Polished Porcelain","MARBLES - STONES - CONCRETES","","48""x48"" R; 24""x48"" R","1","Koronis","Koronis [https://raw.githubusercontent.com/arzL2o/roca-tile-2026-images/main/swatches/koronis__koronis__1.png]","https://raw.githubusercontent.com/arzL2o/roca-tile-2026-images/main/swatches/koronis__koronis__1.png","https://raw.githubusercontent.com/arzL2o/roca-tile-2026-images/main/lifestyle/koronis__lifestyle__1.jpg",""
"Lagom","","Glazed Porcelain","WOODS","Lagom, the essence of balance and harmony, finds its roots in a contemporary design philosophy that cherishes the beauty of simplicity and functionality. This exquisite collection is a testament to the timeless appeal of wood aesthetics, blending modern minimalism with the warmth and organic character of natural elements.","10.5""x64"" R","3","Roble | Almond | Natural","Roble [https://raw.githubusercontent.com/arzL2o/roca-tile-2026-images/main/swatches/lagom__roble__1.png, https://raw.githubusercontent.com/arzL2o/roca-tile-2026-images/main/swatches/lagom__roble__2.png, https://raw.githubusercontent.com/arzL2o/roca-tile-2026-images/main/swatches/lagom__roble__3.png] | Almond [https://raw.githubusercontent.com/arzL2o/roca-tile-2026-images/main/swatches/lagom__almond__1.png, https://raw.githubusercontent.com/arzL2o/roca-tile-2026-images/main/swatches/lagom__almond__2.png, https://raw.githubusercontent.com/arzL2o/roca-tile-2026-images/main/swatches/lagom__almond__3.png, https://raw.githubusercontent.com/arzL2o/roca-tile-2026-images/main/swatches/lagom__almond__4.png] | Natural [https://raw.githubusercontent.com/arzL2o/roca-tile-2026-images/main/swatches/lagom__natural__1.png, https://raw.githubusercontent.com/arzL2o/roca-tile-2026-images/main/swatches/lagom__natural__2.png]","https://raw.githubusercontent.com/arzL2o/roca-tile-2026-images/main/swatches/lagom__roble__1.png; https://raw.githubusercontent.com/arzL2o/roca-tile-2026-images/main/swatches/lagom__roble__2.png; https://raw.githubusercontent.com/arzL2o/roca-tile-2026-images/main/swatches/lagom__roble__3.png; https://raw.githubusercontent.com/arzL2o/roca-tile-2026-images/main/swatches/lagom__almond__1.png; https://raw.githubusercontent.com/arzL2o/roca-tile-2026-images/main/swatches/lagom__almond__2.png; https://raw.githubusercontent.com/arzL2o/roca-tile-2026-images/main/swatches/lagom__almond__3.png; https://raw.githubusercontent.com/arzL2o/roca-tile-2026-images/main/swatches/lagom__almond__4.png; https://raw.githubusercontent.com/arzL2o/roca-tile-2026-images/main/swatches/lagom__natural__1.png; https://raw.githubusercontent.com/arzL2o/roca-tile-2026-images/main/swatches/lagom__natural__2.png","https://raw.githubusercontent.com/arzL2o/roca-tile-2026-images/main/lifestyle/lagom__lifestyle__1.jpg",""
"Lassa White","","Matte & Polished Porcelain - Ceramic Wall","MA RBLES","Relaxed and serene beauty is created through the delicate visual interplay of the parallel lines and subtle changes in tone of the Lassa White. Also offering the ability to play with finishes, adding brightness or minimalism to designs.","24""x48"" R; 12""x24"" R; 12""x24""","1","White","White [https://raw.githubusercontent.com/arzL2o/roca-tile-2026-images/main/swatches/lassa-white__white__1.png, https://raw.githubusercontent.com/arzL2o/roca-tile-2026-images/main/swatches/lassa-white__white__2.png, https://raw.githubusercontent.com/arzL2o/roca-tile-2026-images/main/swatches/lassa-white__white__3.png, https://raw.githubusercontent.com/arzL2o/roca-tile-2026-images/main/swatches/lassa-white__white__4.png, https://raw.githubusercontent.com/arzL2o/roca-tile-2026-images/main/swatches/lassa-white__white__5.png, https://raw.githubusercontent.com/arzL2o/roca-tile-2026-images/main/swatches/lassa-white__white__6.png]","https://raw.githubusercontent.com/arzL2o/roca-tile-2026-images/main/swatches/lassa-white__white__1.png; https://raw.githubusercontent.com/arzL2o/roca-tile-2026-images/main/swatches/lassa-white__white__2.png; https://raw.githubusercontent.com/arzL2o/roca-tile-2026-images/main/swatches/lassa-white__white__3.png; https://raw.githubusercontent.com/arzL2o/roca-tile-2026-images/main/swatches/lassa-white__white__4.png; https://raw.githubusercontent.com/arzL2o/roca-tile-2026-images/main/swatches/lassa-white__white__5.png; https://raw.githubusercontent.com/arzL2o/roca-tile-2026-images/main/swatches/lassa-white__white__6.png","https://raw.githubusercontent.com/arzL2o/roca-tile-2026-images/main/lifestyle/lassa-white__lifestyle__1.jpg",""
"Lithology","","Glazed Porcelain","MARBLES - STONES - CONCRETES","Marbles and stones with neutral color palettes. These series will be ideal to create minimalist spaces. With a soft carving effect and a low relief that will add dimension to any space.","12""x24""; 24""x48"" R; 3""x12""","12","Polaris White | Astoria Gray | Basalt White | Basalt Gray | Basalt Graphite | Empire Beige | Ibiza White | Moscato Sand | Sandstone Beige | Urban Antracita | Vesta Silver | Vesta White","Polaris White [https://raw.githubusercontent.com/arzL2o/roca-tile-2026-images/main/swatches/lithology__polaris-white__1.png] | Astoria Gray [https://raw.githubusercontent.com/arzL2o/roca-tile-2026-images/main/swatches/lithology__astoria-gray__1.png] | Basalt White [https://raw.githubusercontent.com/arzL2o/roca-tile-2026-images/main/swatches/lithology__basalt-white__1.png, https://raw.githubusercontent.com/arzL2o/roca-tile-2026-images/main/swatches/lithology__basalt-white__2.png] | Basalt Gray [https://raw.githubusercontent.com/arzL2o/roca-tile-2026-images/main/swatches/lithology__basalt-gray__1.png] | Basalt Graphite [https://raw.githubusercontent.com/arzL2o/roca-tile-2026-images/main/swatches/lithology__basalt-graphite__1.png] | Empire Beige [https://raw.githubusercontent.com/arzL2o/roca-tile-2026-images/main/swatches/lithology__empire-beige__1.png, https://raw.githubusercontent.com/arzL2o/roca-tile-2026-images/main/swatches/lithology__empire-beige__2.png, https://raw.githubusercontent.com/arzL2o/roca-tile-2026-images/main/swatches/lithology__empire-beige__3.png] | Ibiza White [https://raw.githubusercontent.com/arzL2o/roca-tile-2026-images/main/swatches/lithology__ibiza-white__1.png, https://raw.githubusercontent.com/arzL2o/roca-tile-2026-images/main/swatches/lithology__ibiza-white__2.png] | Moscato Sand [https://raw.githubusercontent.com/arzL2o/roca-tile-2026-images/main/swatches/lithology__moscato-sand__1.png, https://raw.githubusercontent.com/arzL2o/roca-tile-2026-images/main/swatches/lithology__moscato-sand__2.png, https://raw.githubusercontent.com/arzL2o/roca-tile-2026-images/main/swatches/lithology__moscato-sand__3.png] | Sandstone Beige [https://raw.githubusercontent.com/arzL2o/roca-tile-2026-images/main/swatches/lithology__sandstone-beige__1.png] | Urban Antracita [https://raw.githubusercontent.com/arzL2o/roca-tile-2026-images/main/swatches/lithology__urban-antracita__1.png, https://raw.githubusercontent.com/arzL2o/roca-tile-2026-images/main/swatches/lithology__urban-antracita__2.png, https://raw.githubusercontent.com/arzL2o/roca-tile-2026-images/main/swatches/lithology__urban-antracita__3.png, https://raw.githubusercontent.com/arzL2o/roca-tile-2026-images/main/swatches/lithology__urban-antracita__4.png, https://raw.githubusercontent.com/arzL2o/roca-tile-2026-images/main/swatches/lithology__urban-antracita__5.png, https://raw.githubusercontent.com/arzL2o/roca-tile-2026-images/main/swatches/lithology__urban-antracita__6.png, https://raw.githubusercontent.com/arzL2o/roca-tile-2026-images/main/swatches/lithology__urban-antracita__7.png, https://raw.githubusercontent.com/arzL2o/roca-tile-2026-images/main/swatches/lithology__urban-antracita__8.png] | Vesta Silver [https://raw.githubusercontent.com/arzL2o/roca-tile-2026-images/main/swatches/lithology__vesta-silver__1.png] | Vesta White [https://raw.githubusercontent.com/arzL2o/roca-tile-2026-images/main/swatches/lithology__vesta-white__1.png]","https://raw.githubusercontent.com/arzL2o/roca-tile-2026-images/main/swatches/lithology__polaris-white__1.png; https://raw.githubusercontent.com/arzL2o/roca-tile-2026-images/main/swatches/lithology__astoria-gray__1.png; https://raw.githubusercontent.com/arzL2o/roca-tile-2026-images/main/swatches/lithology__basalt-white__1.png; https://raw.githubusercontent.com/arzL2o/roca-tile-2026-images/main/swatches/lithology__basalt-white__2.png; https://raw.githubusercontent.com/arzL2o/roca-tile-2026-images/main/swatches/lithology__basalt-gray__1.png; https://raw.githubusercontent.com/arzL2o/roca-tile-2026-images/main/swatches/lithology__basalt-graphite__1.png; https://raw.githubusercontent.com/arzL2o/roca-tile-2026-images/main/swatches/lithology__empire-beige__1.png; https://raw.githubusercontent.com/arzL2o/roca-tile-2026-images/main/swatches/lithology__empire-beige__2.png; https://raw.githubusercontent.com/arzL2o/roca-tile-2026-images/main/swatches/lithology__empire-beige__3.png; https://raw.githubusercontent.com/arzL2o/roca-tile-2026-images/main/swatches/lithology__ibiza-white__1.png; https://raw.githubusercontent.com/arzL2o/roca-tile-2026-images/main/swatches/lithology__ibiza-white__2.png; https://raw.githubusercontent.com/arzL2o/roca-tile-2026-images/main/swatches/lithology__moscato-sand__1.png; https://raw.githubusercontent.com/arzL2o/roca-tile-2026-images/main/swatches/lithology__moscato-sand__2.png; https://raw.githubusercontent.com/arzL2o/roca-tile-2026-images/main/swatches/lithology__moscato-sand__3.png; https://raw.githubusercontent.com/arzL2o/roca-tile-2026-images/main/swatches/lithology__sandstone-beige__1.png; https://raw.githubusercontent.com/arzL2o/roca-tile-2026-images/main/swatches/lithology__urban-antracita__1.png; https://raw.githubusercontent.com/arzL2o/roca-tile-2026-images/main/swatches/lithology__urban-antracita__2.png; https://raw.githubusercontent.com/arzL2o/roca-tile-2026-images/main/swatches/lithology__urban-antracita__3.png; https://raw.githubusercontent.com/arzL2o/roca-tile-2026-images/main/swatches/lithology__urban-antracita__4.png; https://raw.githubusercontent.com/arzL2o/roca-tile-2026-images/main/swatches/lithology__urban-antracita__5.png; https://raw.githubusercontent.com/arzL2o/roca-tile-2026-images/main/swatches/lithology__urban-antracita__6.png; https://raw.githubusercontent.com/arzL2o/roca-tile-2026-images/main/swatches/lithology__urban-antracita__7.png; https://raw.githubusercontent.com/arzL2o/roca-tile-2026-images/main/swatches/lithology__urban-antracita__8.png; https://raw.githubusercontent.com/arzL2o/roca-tile-2026-images/main/swatches/lithology__vesta-silver__1.png; https://raw.githubusercontent.com/arzL2o/roca-tile-2026-images/main/swatches/lithology__vesta-white__1.png","https://raw.githubusercontent.com/arzL2o/roca-tile-2026-images/main/lifestyle/lithology__lifestyle__1.jpg; https://raw.githubusercontent.com/arzL2o/roca-tile-2026-images/main/lifestyle/lithology__lifestyle__2.jpg; https://raw.githubusercontent.com/arzL2o/roca-tile-2026-images/main/lifestyle/lithology__lifestyle__3.jpg; https://raw.githubusercontent.com/arzL2o/roca-tile-2026-images/main/lifestyle/lithology__lifestyle__4.jpg; https://raw.githubusercontent.com/arzL2o/roca-tile-2026-images/main/lifestyle/lithology__lifestyle__5.jpg; https://raw.githubusercontent.com/arzL2o/roca-tile-2026-images/main/lifestyle/lithology__lifestyle__6.jpg; https://raw.githubusercontent.com/arzL2o/roca-tile-2026-images/main/lifestyle/lithology__lifestyle__7.jpg",""
"Liverpool","","Matte & Polished Porcelain","INDUSTRIA L","The soft texture and cool tones offered in this porcelain cement-look series, create a contemporary environment in any space through a variety of formats and finishes.","24""x24"" R; 24""x48"" R; 12""x24"" R","4","Blanco | Gris | Cinza | Grafito","Blanco [https://raw.githubusercontent.com/arzL2o/roca-tile-2026-images/main/swatches/liverpool__blanco__1.png, https://raw.githubusercontent.com/arzL2o/roca-tile-2026-images/main/swatches/liverpool__blanco__2.png] | Gris [https://raw.githubusercontent.com/arzL2o/roca-tile-2026-images/main/swatches/liverpool__gris__1.png, https://raw.githubusercontent.com/arzL2o/roca-tile-2026-images/main/swatches/liverpool__gris__2.png] | Cinza [https://raw.githubusercontent.com/arzL2o/roca-tile-2026-images/main/swatches/liverpool__cinza__1.png, https://raw.githubusercontent.com/arzL2o/roca-tile-2026-images/main/swatches/liverpool__cinza__2.png] | Grafito [https://raw.githubusercontent.com/arzL2o/roca-tile-2026-images/main/swatches/liverpool__grafito__1.png, https://raw.githubusercontent.com/arzL2o/roca-tile-2026-images/main/swatches/liverpool__grafito__2.png]","https://raw.githubusercontent.com/arzL2o/roca-tile-2026-images/main/swatches/liverpool__blanco__1.png; https://raw.githubusercontent.com/arzL2o/roca-tile-2026-images/main/swatches/liverpool__blanco__2.png; https://raw.githubusercontent.com/arzL2o/roca-tile-2026-images/main/swatches/liverpool__gris__1.png; https://raw.githubusercontent.com/arzL2o/roca-tile-2026-images/main/swatches/liverpool__gris__2.png; https://raw.githubusercontent.com/arzL2o/roca-tile-2026-images/main/swatches/liverpool__cinza__1.png; https://raw.githubusercontent.com/arzL2o/roca-tile-2026-images/main/swatches/liverpool__cinza__2.png; https://raw.githubusercontent.com/arzL2o/roca-tile-2026-images/main/swatches/liverpool__grafito__1.png; https://raw.githubusercontent.com/arzL2o/roca-tile-2026-images/main/swatches/liverpool__grafito__2.png","https://raw.githubusercontent.com/arzL2o/roca-tile-2026-images/main/lifestyle/liverpool__lifestyle__1.jpg",""
"Magnolia","","Ceramic Wall","HA NDMA DE","Magnolia, delicate and sophisticated. A range of neutral hues with a glossy finish, work as the perfect solution to renovate bathroom & kitchen spaces.","6""x18""","4","Arena | Blanco | Gris | Vison","Arena [https://raw.githubusercontent.com/arzL2o/roca-tile-2026-images/main/swatches/magnolia__arena__1.png, https://raw.githubusercontent.com/arzL2o/roca-tile-2026-images/main/swatches/magnolia__arena__2.png, https://raw.githubusercontent.com/arzL2o/roca-tile-2026-images/main/swatches/magnolia__arena__3.png] | Blanco [https://raw.githubusercontent.com/arzL2o/roca-tile-2026-images/main/swatches/magnolia__blanco__1.png] | Gris [https://raw.githubusercontent.com/arzL2o/roca-tile-2026-images/main/swatches/magnolia__gris__1.png] | Vison [https://raw.githubusercontent.com/arzL2o/roca-tile-2026-images/main/swatches/magnolia__vison__1.png, https://raw.githubusercontent.com/arzL2o/roca-tile-2026-images/main/swatches/magnolia__vison__2.png, https://raw.githubusercontent.com/arzL2o/roca-tile-2026-images/main/swatches/magnolia__vison__3.png]","https://raw.githubusercontent.com/arzL2o/roca-tile-2026-images/main/swatches/magnolia__arena__1.png; https://raw.githubusercontent.com/arzL2o/roca-tile-2026-images/main/swatches/magnolia__arena__2.png; https://raw.githubusercontent.com/arzL2o/roca-tile-2026-images/main/swatches/magnolia__arena__3.png; https://raw.githubusercontent.com/arzL2o/roca-tile-2026-images/main/swatches/magnolia__blanco__1.png; https://raw.githubusercontent.com/arzL2o/roca-tile-2026-images/main/swatches/magnolia__gris__1.png; https://raw.githubusercontent.com/arzL2o/roca-tile-2026-images/main/swatches/magnolia__vison__1.png; https://raw.githubusercontent.com/arzL2o/roca-tile-2026-images/main/swatches/magnolia__vison__2.png; https://raw.githubusercontent.com/arzL2o/roca-tile-2026-images/main/swatches/magnolia__vison__3.png","https://raw.githubusercontent.com/arzL2o/roca-tile-2026-images/main/lifestyle/magnolia__lifestyle__1.jpg",""
"Maiolica","","Ceramic Wall","HA NDMA DE","A vintage soul to praise ceramics, lace and wallpaper. Gradient colors and water reliefs join in polished enamels with a handmade appearance uniting creativity and tradition. Maiolica is a versatile collection that combines style, subtleness and charm thanks to its great combination possibilities.","4""x10""; 3""x6""","6","White | Aqua | Blue Steel | Taupe | Tender Gray | Biscuit","White [https://raw.githubusercontent.com/arzL2o/roca-tile-2026-images/main/swatches/maiolica__white__1.png] | Aqua [https://raw.githubusercontent.com/arzL2o/roca-tile-2026-images/main/swatches/maiolica__aqua__1.png] | Blue Steel [https://raw.githubusercontent.com/arzL2o/roca-tile-2026-images/main/swatches/maiolica__blue-steel__1.png] | Taupe [https://raw.githubusercontent.com/arzL2o/roca-tile-2026-images/main/swatches/maiolica__taupe__1.png] | Tender Gray [https://raw.githubusercontent.com/arzL2o/roca-tile-2026-images/main/swatches/maiolica__tender-gray__1.png] | Biscuit [https://raw.githubusercontent.com/arzL2o/roca-tile-2026-images/main/swatches/maiolica__biscuit__1.png]","https://raw.githubusercontent.com/arzL2o/roca-tile-2026-images/main/swatches/maiolica__white__1.png; https://raw.githubusercontent.com/arzL2o/roca-tile-2026-images/main/swatches/maiolica__aqua__1.png; https://raw.githubusercontent.com/arzL2o/roca-tile-2026-images/main/swatches/maiolica__blue-steel__1.png; https://raw.githubusercontent.com/arzL2o/roca-tile-2026-images/main/swatches/maiolica__taupe__1.png; https://raw.githubusercontent.com/arzL2o/roca-tile-2026-images/main/swatches/maiolica__tender-gray__1.png; https://raw.githubusercontent.com/arzL2o/roca-tile-2026-images/main/swatches/maiolica__biscuit__1.png","https://raw.githubusercontent.com/arzL2o/roca-tile-2026-images/main/lifestyle/maiolica__lifestyle__1.jpg",""
"Maiolica Crackled","","Ceramic Wall","HA NDMA DE","","3""x12""","6","Aqua | Blue Steel | White | Biscuit | Taupe | Tender Gray","Aqua [https://raw.githubusercontent.com/arzL2o/roca-tile-2026-images/main/swatches/maiolica-crackled__aqua__1.png] | Blue Steel [https://raw.githubusercontent.com/arzL2o/roca-tile-2026-images/main/swatches/maiolica-crackled__blue-steel__1.png] | White [https://raw.githubusercontent.com/arzL2o/roca-tile-2026-images/main/swatches/maiolica-crackled__white__1.png, https://raw.githubusercontent.com/arzL2o/roca-tile-2026-images/main/swatches/maiolica-crackled__white__2.png] | Biscuit [https://raw.githubusercontent.com/arzL2o/roca-tile-2026-images/main/swatches/maiolica-crackled__biscuit__1.png] | Taupe [https://raw.githubusercontent.com/arzL2o/roca-tile-2026-images/main/swatches/maiolica-crackled__taupe__1.png, https://raw.githubusercontent.com/arzL2o/roca-tile-2026-images/main/swatches/maiolica-crackled__taupe__2.png] | Tender Gray [no image extracted]","https://raw.githubusercontent.com/arzL2o/roca-tile-2026-images/main/swatches/maiolica-crackled__aqua__1.png; https://raw.githubusercontent.com/arzL2o/roca-tile-2026-images/main/swatches/maiolica-crackled__blue-steel__1.png; https://raw.githubusercontent.com/arzL2o/roca-tile-2026-images/main/swatches/maiolica-crackled__white__1.png; https://raw.githubusercontent.com/arzL2o/roca-tile-2026-images/main/swatches/maiolica-crackled__white__2.png; https://raw.githubusercontent.com/arzL2o/roca-tile-2026-images/main/swatches/maiolica-crackled__biscuit__1.png; https://raw.githubusercontent.com/arzL2o/roca-tile-2026-images/main/swatches/maiolica-crackled__taupe__1.png; https://raw.githubusercontent.com/arzL2o/roca-tile-2026-images/main/swatches/maiolica-crackled__taupe__2.png","https://raw.githubusercontent.com/arzL2o/roca-tile-2026-images/main/lifestyle/maiolica-crackled__lifestyle__1.jpg",""
"Marble Dolomita","","Glazed Porcelain - Ceramic Wall","MA RBLES","","24""x48"" R; 12""x24"" R","7","Suite Marble Dolomita | pearly white base. This blend achieves a visually | Marble Dolomita | tranquility and sophistication of natural stone. Its | refined production process yields a marble-like | look with shiny copper and soft grey veins on a | striking and harmonious appearance.","Suite Marble Dolomita [https://raw.githubusercontent.com/arzL2o/roca-tile-2026-images/main/swatches/marble-dolomita__suite-marble-dolomita__1.png, https://raw.githubusercontent.com/arzL2o/roca-tile-2026-images/main/swatches/marble-dolomita__suite-marble-dolomita__2.png] | pearly white base. This blend achieves a visually [https://raw.githubusercontent.com/arzL2o/roca-tile-2026-images/main/swatches/marble-dolomita__pearly-white-base-this-blend-achieves-a-visually__1.png, https://raw.githubusercontent.com/arzL2o/roca-tile-2026-images/main/swatches/marble-dolomita__pearly-white-base-this-blend-achieves-a-visually__2.png] | Marble Dolomita [no image extracted] | tranquility and sophistication of natural stone. Its [no image extracted] | refined production process yields a marble-like [no image extracted] | look with shiny copper and soft grey veins on a [no image extracted] | striking and harmonious appearance. [no image extracted]","https://raw.githubusercontent.com/arzL2o/roca-tile-2026-images/main/swatches/marble-dolomita__suite-marble-dolomita__1.png; https://raw.githubusercontent.com/arzL2o/roca-tile-2026-images/main/swatches/marble-dolomita__suite-marble-dolomita__2.png; https://raw.githubusercontent.com/arzL2o/roca-tile-2026-images/main/swatches/marble-dolomita__pearly-white-base-this-blend-achieves-a-visually__1.png; https://raw.githubusercontent.com/arzL2o/roca-tile-2026-images/main/swatches/marble-dolomita__pearly-white-base-this-blend-achieves-a-visually__2.png","https://raw.githubusercontent.com/arzL2o/roca-tile-2026-images/main/lifestyle/marble-dolomita__lifestyle__1.jpg",""
"Marble Lassa","Slabs","Matte & Polished Porcelain","MARBLES - STONES - CONCRETES","","48""x48"" R; 24""x48"" R","1","Marble Lassa","Marble Lassa [https://raw.githubusercontent.com/arzL2o/roca-tile-2026-images/main/swatches/marble-lassa__marble-lassa__1.png]","https://raw.githubusercontent.com/arzL2o/roca-tile-2026-images/main/swatches/marble-lassa__marble-lassa__1.png","https://raw.githubusercontent.com/arzL2o/roca-tile-2026-images/main/lifestyle/marble-lassa__lifestyle__1.jpg",""
"Marble Lincoln","","Glazed Porcelain - Ceramic Wall","MA RBLES","","24""x48"" R; 12""x24"" R","7","Suite Marble Lincoln | sensation of a high-impact, seamless space. | Marble Lincoln | nature. Its fine jet-black glossy veins leave their | mark on the intense matt white and evoke the | beauty of the kintsugi technique, a timeless and | elegant technique of great aesthetic standing.","Suite Marble Lincoln [https://raw.githubusercontent.com/arzL2o/roca-tile-2026-images/main/swatches/marble-lincoln__suite-marble-lincoln__1.png, https://raw.githubusercontent.com/arzL2o/roca-tile-2026-images/main/swatches/marble-lincoln__suite-marble-lincoln__2.png] | sensation of a high-impact, seamless space. [https://raw.githubusercontent.com/arzL2o/roca-tile-2026-images/main/swatches/marble-lincoln__sensation-of-a-high-impact-seamless-space__1.png, https://raw.githubusercontent.com/arzL2o/roca-tile-2026-images/main/swatches/marble-lincoln__sensation-of-a-high-impact-seamless-space__2.png] | Marble Lincoln [no image extracted] | nature. Its fine jet-black glossy veins leave their [no image extracted] | mark on the intense matt white and evoke the [no image extracted] | beauty of the kintsugi technique, a timeless and [no image extracted] | elegant technique of great aesthetic standing. [no image extracted]","https://raw.githubusercontent.com/arzL2o/roca-tile-2026-images/main/swatches/marble-lincoln__suite-marble-lincoln__1.png; https://raw.githubusercontent.com/arzL2o/roca-tile-2026-images/main/swatches/marble-lincoln__suite-marble-lincoln__2.png; https://raw.githubusercontent.com/arzL2o/roca-tile-2026-images/main/swatches/marble-lincoln__sensation-of-a-high-impact-seamless-space__1.png; https://raw.githubusercontent.com/arzL2o/roca-tile-2026-images/main/swatches/marble-lincoln__sensation-of-a-high-impact-seamless-space__2.png","https://raw.githubusercontent.com/arzL2o/roca-tile-2026-images/main/lifestyle/marble-lincoln__lifestyle__1.jpg",""
"Marble Nouveau","Slabs","Matte & Polished Porcelain","MARBLES - STONES - CONCRETES","","48""x48"" R; 24""x48"" R","1","Marble Nouveau","Marble Nouveau [https://raw.githubusercontent.com/arzL2o/roca-tile-2026-images/main/swatches/marble-nouveau__marble-nouveau__1.png, https://raw.githubusercontent.com/arzL2o/roca-tile-2026-images/main/swatches/marble-nouveau__marble-nouveau__2.png]","https://raw.githubusercontent.com/arzL2o/roca-tile-2026-images/main/swatches/marble-nouveau__marble-nouveau__1.png; https://raw.githubusercontent.com/arzL2o/roca-tile-2026-images/main/swatches/marble-nouveau__marble-nouveau__2.png","https://raw.githubusercontent.com/arzL2o/roca-tile-2026-images/main/lifestyle/marble-nouveau__lifestyle__1.jpg",""
"Nolita","","Color Body Porcelain","INDUSTRIA L","An ode to the industrial chic look, the Nolita Collection is ideal for creating a modern urban setting, merging the textile and cement looks. This color body porcelain has a minimalist color palette ranging from white to different hues of gray.","24""x48"" R; 12""x24"" R","4","Blanco | Gris | Grafito | Antracita","Blanco [https://raw.githubusercontent.com/arzL2o/roca-tile-2026-images/main/swatches/nolita__blanco__1.png, https://raw.githubusercontent.com/arzL2o/roca-tile-2026-images/main/swatches/nolita__blanco__2.png] | Gris [https://raw.githubusercontent.com/arzL2o/roca-tile-2026-images/main/swatches/nolita__gris__1.png, https://raw.githubusercontent.com/arzL2o/roca-tile-2026-images/main/swatches/nolita__gris__2.png] | Grafito [https://raw.githubusercontent.com/arzL2o/roca-tile-2026-images/main/swatches/nolita__grafito__1.png, https://raw.githubusercontent.com/arzL2o/roca-tile-2026-images/main/swatches/nolita__grafito__2.png] | Antracita [https://raw.githubusercontent.com/arzL2o/roca-tile-2026-images/main/swatches/nolita__antracita__1.png, https://raw.githubusercontent.com/arzL2o/roca-tile-2026-images/main/swatches/nolita__antracita__2.png]","https://raw.githubusercontent.com/arzL2o/roca-tile-2026-images/main/swatches/nolita__blanco__1.png; https://raw.githubusercontent.com/arzL2o/roca-tile-2026-images/main/swatches/nolita__blanco__2.png; https://raw.githubusercontent.com/arzL2o/roca-tile-2026-images/main/swatches/nolita__gris__1.png; https://raw.githubusercontent.com/arzL2o/roca-tile-2026-images/main/swatches/nolita__gris__2.png; https://raw.githubusercontent.com/arzL2o/roca-tile-2026-images/main/swatches/nolita__grafito__1.png; https://raw.githubusercontent.com/arzL2o/roca-tile-2026-images/main/swatches/nolita__grafito__2.png; https://raw.githubusercontent.com/arzL2o/roca-tile-2026-images/main/swatches/nolita__antracita__1.png; https://raw.githubusercontent.com/arzL2o/roca-tile-2026-images/main/swatches/nolita__antracita__2.png","https://raw.githubusercontent.com/arzL2o/roca-tile-2026-images/main/lifestyle/nolita__lifestyle__1.jpg",""
"Nordico","","Matte & Polished Porcelain","INDUSTRIA L","As simple as it gets. A bright white glazed porcelain tile that adds dimension and clarity to any abode. Our Nordico collection is composed of three sizes as well as a polished and unpolished finish, providing a crisp ambience that will leave you feeling fresh and serene.","35""x35"" R; 24""x24"" R; 12""x24"" R; 12""x24""","1","Nordico","Nordico [https://raw.githubusercontent.com/arzL2o/roca-tile-2026-images/main/swatches/nordico__nordico__1.png]","https://raw.githubusercontent.com/arzL2o/roca-tile-2026-images/main/swatches/nordico__nordico__1.png","https://raw.githubusercontent.com/arzL2o/roca-tile-2026-images/main/lifestyle/nordico__lifestyle__1.jpg; https://raw.githubusercontent.com/arzL2o/roca-tile-2026-images/main/lifestyle/nordico__lifestyle__2.jpg",""
"Northwood","","Glazed Ceramic","WOODS","Embrace Nature’s Warmth. This ceramic tile marvelously captures the essence of wood, blending rustic charm with the durability of ceramic, perfect for creating cozy, natural-inspired spaces.","7""x22""","3","White | Gray | Beige","White [https://raw.githubusercontent.com/arzL2o/roca-tile-2026-images/main/swatches/northwood__white__1.png, https://raw.githubusercontent.com/arzL2o/roca-tile-2026-images/main/swatches/northwood__white__2.png] | Gray [https://raw.githubusercontent.com/arzL2o/roca-tile-2026-images/main/swatches/northwood__gray__1.png, https://raw.githubusercontent.com/arzL2o/roca-tile-2026-images/main/swatches/northwood__gray__2.png, https://raw.githubusercontent.com/arzL2o/roca-tile-2026-images/main/swatches/northwood__gray__3.png] | Beige [https://raw.githubusercontent.com/arzL2o/roca-tile-2026-images/main/swatches/northwood__beige__1.png, https://raw.githubusercontent.com/arzL2o/roca-tile-2026-images/main/swatches/northwood__beige__2.png, https://raw.githubusercontent.com/arzL2o/roca-tile-2026-images/main/swatches/northwood__beige__3.png, https://raw.githubusercontent.com/arzL2o/roca-tile-2026-images/main/swatches/northwood__beige__4.png]","https://raw.githubusercontent.com/arzL2o/roca-tile-2026-images/main/swatches/northwood__white__1.png; https://raw.githubusercontent.com/arzL2o/roca-tile-2026-images/main/swatches/northwood__white__2.png; https://raw.githubusercontent.com/arzL2o/roca-tile-2026-images/main/swatches/northwood__gray__1.png; https://raw.githubusercontent.com/arzL2o/roca-tile-2026-images/main/swatches/northwood__gray__2.png; https://raw.githubusercontent.com/arzL2o/roca-tile-2026-images/main/swatches/northwood__gray__3.png; https://raw.githubusercontent.com/arzL2o/roca-tile-2026-images/main/swatches/northwood__beige__1.png; https://raw.githubusercontent.com/arzL2o/roca-tile-2026-images/main/swatches/northwood__beige__2.png; https://raw.githubusercontent.com/arzL2o/roca-tile-2026-images/main/swatches/northwood__beige__3.png; https://raw.githubusercontent.com/arzL2o/roca-tile-2026-images/main/swatches/northwood__beige__4.png","https://raw.githubusercontent.com/arzL2o/roca-tile-2026-images/main/lifestyle/northwood__lifestyle__1.jpg",""
"Onice Supreme","","Glazed Porcelain","MA RBLES","","24""x48"" R; 12""x24"" R","10","transforming it into a luxurious sanctuary of | Marfil | of nature in every piece. Inspired by the sublime | beauty of onyx, this marble finish exudes the | elegance and grandeur of precious stones. | Its refined texture showcases delicate golden | veining intertwined with translucent cream | tones, creating a serene and sophisticated | aesthetic. Onice Supreme elevates any space, | tranquility and grace.","transforming it into a luxurious sanctuary of [https://raw.githubusercontent.com/arzL2o/roca-tile-2026-images/main/swatches/onice-supreme__transforming-it-into-a-luxurious-sanctuary-of__1.png, https://raw.githubusercontent.com/arzL2o/roca-tile-2026-images/main/swatches/onice-supreme__transforming-it-into-a-luxurious-sanctuary-of__2.png] | Marfil [no image extracted] | of nature in every piece. Inspired by the sublime [no image extracted] | beauty of onyx, this marble finish exudes the [no image extracted] | elegance and grandeur of precious stones. [no image extracted] | Its refined texture showcases delicate golden [no image extracted] | veining intertwined with translucent cream [no image extracted] | tones, creating a serene and sophisticated [no image extracted] | aesthetic. Onice Supreme elevates any space, [no image extracted] | tranquility and grace. [no image extracted]","https://raw.githubusercontent.com/arzL2o/roca-tile-2026-images/main/swatches/onice-supreme__transforming-it-into-a-luxurious-sanctuary-of__1.png; https://raw.githubusercontent.com/arzL2o/roca-tile-2026-images/main/swatches/onice-supreme__transforming-it-into-a-luxurious-sanctuary-of__2.png","https://raw.githubusercontent.com/arzL2o/roca-tile-2026-images/main/lifestyle/onice-supreme__lifestyle__1.jpg; https://raw.githubusercontent.com/arzL2o/roca-tile-2026-images/main/lifestyle/onice-supreme__lifestyle__2.jpg",""
"Onyx","","Matte & Polished Porcelain","MA RBLES","The Onyx series gathers light of with warm nuances in waves that run smoothly over the surface of this porcelain tile, which create a feeling of spaciousness and luminosity.","24""x48"" R; 12""x24"" R","1","White","White [https://raw.githubusercontent.com/arzL2o/roca-tile-2026-images/main/swatches/onyx__white__1.png, https://raw.githubusercontent.com/arzL2o/roca-tile-2026-images/main/swatches/onyx__white__2.png, https://raw.githubusercontent.com/arzL2o/roca-tile-2026-images/main/swatches/onyx__white__3.png, https://raw.githubusercontent.com/arzL2o/roca-tile-2026-images/main/swatches/onyx__white__4.png, https://raw.githubusercontent.com/arzL2o/roca-tile-2026-images/main/swatches/onyx__white__5.png, https://raw.githubusercontent.com/arzL2o/roca-tile-2026-images/main/swatches/onyx__white__6.png, https://raw.githubusercontent.com/arzL2o/roca-tile-2026-images/main/swatches/onyx__white__7.png, https://raw.githubusercontent.com/arzL2o/roca-tile-2026-images/main/swatches/onyx__white__8.png]","https://raw.githubusercontent.com/arzL2o/roca-tile-2026-images/main/swatches/onyx__white__1.png; https://raw.githubusercontent.com/arzL2o/roca-tile-2026-images/main/swatches/onyx__white__2.png; https://raw.githubusercontent.com/arzL2o/roca-tile-2026-images/main/swatches/onyx__white__3.png; https://raw.githubusercontent.com/arzL2o/roca-tile-2026-images/main/swatches/onyx__white__4.png; https://raw.githubusercontent.com/arzL2o/roca-tile-2026-images/main/swatches/onyx__white__5.png; https://raw.githubusercontent.com/arzL2o/roca-tile-2026-images/main/swatches/onyx__white__6.png; https://raw.githubusercontent.com/arzL2o/roca-tile-2026-images/main/swatches/onyx__white__7.png; https://raw.githubusercontent.com/arzL2o/roca-tile-2026-images/main/swatches/onyx__white__8.png","https://raw.githubusercontent.com/arzL2o/roca-tile-2026-images/main/lifestyle/onyx__lifestyle__1.jpg",""
"Panama","","Glazed Porcelain","WOODS","Panama is a collection whose design is inspired by three oak varieties that combine their most unique characteristics to create a balanced and beautiful fusion. The result is a finish that rivals natural woods, thanks to the advanced manufacturing techniques that make this perfect amalgam of micro-reliefs, shades and mattified areas possible. The level of detail in the Panama porcelain collection is astonishing, with an extremely rich and natural response to light. The surprisingly authentic finishes allow for the creation of warm and welcoming spaces,","8""x48"" R; 12""x36"" R","2","Roble | Suite Roble","Roble [https://raw.githubusercontent.com/arzL2o/roca-tile-2026-images/main/swatches/panama__roble__1.png, https://raw.githubusercontent.com/arzL2o/roca-tile-2026-images/main/swatches/panama__roble__2.png, https://raw.githubusercontent.com/arzL2o/roca-tile-2026-images/main/swatches/panama__roble__3.png, https://raw.githubusercontent.com/arzL2o/roca-tile-2026-images/main/swatches/panama__roble__4.png, https://raw.githubusercontent.com/arzL2o/roca-tile-2026-images/main/swatches/panama__roble__5.png, https://raw.githubusercontent.com/arzL2o/roca-tile-2026-images/main/swatches/panama__roble__6.png] | Suite Roble [https://raw.githubusercontent.com/arzL2o/roca-tile-2026-images/main/swatches/panama__suite-roble__1.png, https://raw.githubusercontent.com/arzL2o/roca-tile-2026-images/main/swatches/panama__suite-roble__2.png, https://raw.githubusercontent.com/arzL2o/roca-tile-2026-images/main/swatches/panama__suite-roble__3.png]","https://raw.githubusercontent.com/arzL2o/roca-tile-2026-images/main/swatches/panama__roble__1.png; https://raw.githubusercontent.com/arzL2o/roca-tile-2026-images/main/swatches/panama__roble__2.png; https://raw.githubusercontent.com/arzL2o/roca-tile-2026-images/main/swatches/panama__roble__3.png; https://raw.githubusercontent.com/arzL2o/roca-tile-2026-images/main/swatches/panama__roble__4.png; https://raw.githubusercontent.com/arzL2o/roca-tile-2026-images/main/swatches/panama__roble__5.png; https://raw.githubusercontent.com/arzL2o/roca-tile-2026-images/main/swatches/panama__roble__6.png; https://raw.githubusercontent.com/arzL2o/roca-tile-2026-images/main/swatches/panama__suite-roble__1.png; https://raw.githubusercontent.com/arzL2o/roca-tile-2026-images/main/swatches/panama__suite-roble__2.png; https://raw.githubusercontent.com/arzL2o/roca-tile-2026-images/main/swatches/panama__suite-roble__3.png","https://raw.githubusercontent.com/arzL2o/roca-tile-2026-images/main/lifestyle/panama__lifestyle__1.jpg",""
"Pavers","","Color Body Porcelain","STONES","","24""x24"" R; 24""x36"" R","8","Piamonte Gris | Cortona Antracita | Cortona Gris | Toscana Arena | Avalon Rock Blanco | Avalon Rock Arena | Serena Crosscut Bone | Serena Crosscut Moka","Piamonte Gris [https://raw.githubusercontent.com/arzL2o/roca-tile-2026-images/main/swatches/pavers__piamonte-gris__1.png, https://raw.githubusercontent.com/arzL2o/roca-tile-2026-images/main/swatches/pavers__piamonte-gris__2.png] | Cortona Antracita [https://raw.githubusercontent.com/arzL2o/roca-tile-2026-images/main/swatches/pavers__cortona-antracita__1.png, https://raw.githubusercontent.com/arzL2o/roca-tile-2026-images/main/swatches/pavers__cortona-antracita__2.png] | Cortona Gris [https://raw.githubusercontent.com/arzL2o/roca-tile-2026-images/main/swatches/pavers__cortona-gris__1.png, https://raw.githubusercontent.com/arzL2o/roca-tile-2026-images/main/swatches/pavers__cortona-gris__2.png] | Toscana Arena [https://raw.githubusercontent.com/arzL2o/roca-tile-2026-images/main/swatches/pavers__toscana-arena__1.png, https://raw.githubusercontent.com/arzL2o/roca-tile-2026-images/main/swatches/pavers__toscana-arena__2.png] | Avalon Rock Blanco [https://raw.githubusercontent.com/arzL2o/roca-tile-2026-images/main/swatches/pavers__avalon-rock-blanco__1.png] | Avalon Rock Arena [https://raw.githubusercontent.com/arzL2o/roca-tile-2026-images/main/swatches/pavers__avalon-rock-arena__1.png] | Serena Crosscut Bone [https://raw.githubusercontent.com/arzL2o/roca-tile-2026-images/main/swatches/pavers__serena-crosscut-bone__1.png] | Serena Crosscut Moka [https://raw.githubusercontent.com/arzL2o/roca-tile-2026-images/main/swatches/pavers__serena-crosscut-moka__1.png]","https://raw.githubusercontent.com/arzL2o/roca-tile-2026-images/main/swatches/pavers__piamonte-gris__1.png; https://raw.githubusercontent.com/arzL2o/roca-tile-2026-images/main/swatches/pavers__piamonte-gris__2.png; https://raw.githubusercontent.com/arzL2o/roca-tile-2026-images/main/swatches/pavers__cortona-antracita__1.png; https://raw.githubusercontent.com/arzL2o/roca-tile-2026-images/main/swatches/pavers__cortona-antracita__2.png; https://raw.githubusercontent.com/arzL2o/roca-tile-2026-images/main/swatches/pavers__cortona-gris__1.png; https://raw.githubusercontent.com/arzL2o/roca-tile-2026-images/main/swatches/pavers__cortona-gris__2.png; https://raw.githubusercontent.com/arzL2o/roca-tile-2026-images/main/swatches/pavers__toscana-arena__1.png; https://raw.githubusercontent.com/arzL2o/roca-tile-2026-images/main/swatches/pavers__toscana-arena__2.png; https://raw.githubusercontent.com/arzL2o/roca-tile-2026-images/main/swatches/pavers__avalon-rock-blanco__1.png; https://raw.githubusercontent.com/arzL2o/roca-tile-2026-images/main/swatches/pavers__avalon-rock-arena__1.png; https://raw.githubusercontent.com/arzL2o/roca-tile-2026-images/main/swatches/pavers__serena-crosscut-bone__1.png; https://raw.githubusercontent.com/arzL2o/roca-tile-2026-images/main/swatches/pavers__serena-crosscut-moka__1.png","https://raw.githubusercontent.com/arzL2o/roca-tile-2026-images/main/lifestyle/pavers__lifestyle__1.jpg; https://raw.githubusercontent.com/arzL2o/roca-tile-2026-images/main/lifestyle/pavers__lifestyle__2.jpg",""
"Pigment","","Glazed Porcelain","STONES","The 60s terrazzo trend is back in the shape of bold designs that reinterpret the classics. Our Pigment series recovers the terrazzo look, adding the unique attributes of a color body porcelain. A modern and resistant collection that is ideal for commercial and residential use in contemporary and fearless designs.","35""x35"" R","1","Multicolor","Multicolor [https://raw.githubusercontent.com/arzL2o/roca-tile-2026-images/main/swatches/pigment__multicolor__1.png, https://raw.githubusercontent.com/arzL2o/roca-tile-2026-images/main/swatches/pigment__multicolor__2.png, https://raw.githubusercontent.com/arzL2o/roca-tile-2026-images/main/swatches/pigment__multicolor__3.png, https://raw.githubusercontent.com/arzL2o/roca-tile-2026-images/main/swatches/pigment__multicolor__4.png, https://raw.githubusercontent.com/arzL2o/roca-tile-2026-images/main/swatches/pigment__multicolor__5.png]","https://raw.githubusercontent.com/arzL2o/roca-tile-2026-images/main/swatches/pigment__multicolor__1.png; https://raw.githubusercontent.com/arzL2o/roca-tile-2026-images/main/swatches/pigment__multicolor__2.png; https://raw.githubusercontent.com/arzL2o/roca-tile-2026-images/main/swatches/pigment__multicolor__3.png; https://raw.githubusercontent.com/arzL2o/roca-tile-2026-images/main/swatches/pigment__multicolor__4.png; https://raw.githubusercontent.com/arzL2o/roca-tile-2026-images/main/swatches/pigment__multicolor__5.png","https://raw.githubusercontent.com/arzL2o/roca-tile-2026-images/main/lifestyle/pigment__lifestyle__1.jpg",""
"Port Noir","","Glazed Porcelain","MA RBLES","","24""x48"" R; 12""x24"" R","6","Port Noir | and ideal qualities for both flooring and wall | striated graphite surface together with streaks | of bright and fractured white veins that cross it, | give the Port Noir series a sumptuous aesthetic | cladding uses.","Port Noir [https://raw.githubusercontent.com/arzL2o/roca-tile-2026-images/main/swatches/port-noir__port-noir__1.png, https://raw.githubusercontent.com/arzL2o/roca-tile-2026-images/main/swatches/port-noir__port-noir__2.png, https://raw.githubusercontent.com/arzL2o/roca-tile-2026-images/main/swatches/port-noir__port-noir__3.png, https://raw.githubusercontent.com/arzL2o/roca-tile-2026-images/main/swatches/port-noir__port-noir__4.png, https://raw.githubusercontent.com/arzL2o/roca-tile-2026-images/main/swatches/port-noir__port-noir__5.png, https://raw.githubusercontent.com/arzL2o/roca-tile-2026-images/main/swatches/port-noir__port-noir__6.png] | and ideal qualities for both flooring and wall [https://raw.githubusercontent.com/arzL2o/roca-tile-2026-images/main/swatches/port-noir__and-ideal-qualities-for-both-flooring-and-wall__1.png, https://raw.githubusercontent.com/arzL2o/roca-tile-2026-images/main/swatches/port-noir__and-ideal-qualities-for-both-flooring-and-wall__2.png] | striated graphite surface together with streaks [no image extracted] | of bright and fractured white veins that cross it, [no image extracted] | give the Port Noir series a sumptuous aesthetic [no image extracted] | cladding uses. [no image extracted]","https://raw.githubusercontent.com/arzL2o/roca-tile-2026-images/main/swatches/port-noir__port-noir__1.png; https://raw.githubusercontent.com/arzL2o/roca-tile-2026-images/main/swatches/port-noir__port-noir__2.png; https://raw.githubusercontent.com/arzL2o/roca-tile-2026-images/main/swatches/port-noir__port-noir__3.png; https://raw.githubusercontent.com/arzL2o/roca-tile-2026-images/main/swatches/port-noir__port-noir__4.png; https://raw.githubusercontent.com/arzL2o/roca-tile-2026-images/main/swatches/port-noir__port-noir__5.png; https://raw.githubusercontent.com/arzL2o/roca-tile-2026-images/main/swatches/port-noir__port-noir__6.png; https://raw.githubusercontent.com/arzL2o/roca-tile-2026-images/main/swatches/port-noir__and-ideal-qualities-for-both-flooring-and-wall__1.png; https://raw.githubusercontent.com/arzL2o/roca-tile-2026-images/main/swatches/port-noir__and-ideal-qualities-for-both-flooring-and-wall__2.png","https://raw.githubusercontent.com/arzL2o/roca-tile-2026-images/main/lifestyle/port-noir__lifestyle__1.jpg",""
"Pro","","Matte & Polished Porcelain","INDUSTRIA L","Basic and essential. This sums up the Pro & Pro Max series, which come in an array of neutral colors that are practical to use and easy to maintain, also allowing the possibility of extending your indoor tile to outdoor space.","35""x35"" R; 24""x24"" R; 24""x48"" R; 12""x24"" R; 3""x12""","5","Ivory | Nude | Sand | Concrete | Cement","Ivory [https://raw.githubusercontent.com/arzL2o/roca-tile-2026-images/main/swatches/pro__ivory__1.png, https://raw.githubusercontent.com/arzL2o/roca-tile-2026-images/main/swatches/pro__ivory__2.png, https://raw.githubusercontent.com/arzL2o/roca-tile-2026-images/main/swatches/pro__ivory__3.png] | Nude [https://raw.githubusercontent.com/arzL2o/roca-tile-2026-images/main/swatches/pro__nude__1.png, https://raw.githubusercontent.com/arzL2o/roca-tile-2026-images/main/swatches/pro__nude__2.png, https://raw.githubusercontent.com/arzL2o/roca-tile-2026-images/main/swatches/pro__nude__3.png, https://raw.githubusercontent.com/arzL2o/roca-tile-2026-images/main/swatches/pro__nude__4.png] | Sand [https://raw.githubusercontent.com/arzL2o/roca-tile-2026-images/main/swatches/pro__sand__1.png] | Concrete [https://raw.githubusercontent.com/arzL2o/roca-tile-2026-images/main/swatches/pro__concrete__1.png, https://raw.githubusercontent.com/arzL2o/roca-tile-2026-images/main/swatches/pro__concrete__2.png, https://raw.githubusercontent.com/arzL2o/roca-tile-2026-images/main/swatches/pro__concrete__3.png, https://raw.githubusercontent.com/arzL2o/roca-tile-2026-images/main/swatches/pro__concrete__4.png] | Cement [https://raw.githubusercontent.com/arzL2o/roca-tile-2026-images/main/swatches/pro__cement__1.png, https://raw.githubusercontent.com/arzL2o/roca-tile-2026-images/main/swatches/pro__cement__2.png]","https://raw.githubusercontent.com/arzL2o/roca-tile-2026-images/main/swatches/pro__ivory__1.png; https://raw.githubusercontent.com/arzL2o/roca-tile-2026-images/main/swatches/pro__ivory__2.png; https://raw.githubusercontent.com/arzL2o/roca-tile-2026-images/main/swatches/pro__ivory__3.png; https://raw.githubusercontent.com/arzL2o/roca-tile-2026-images/main/swatches/pro__nude__1.png; https://raw.githubusercontent.com/arzL2o/roca-tile-2026-images/main/swatches/pro__nude__2.png; https://raw.githubusercontent.com/arzL2o/roca-tile-2026-images/main/swatches/pro__nude__3.png; https://raw.githubusercontent.com/arzL2o/roca-tile-2026-images/main/swatches/pro__nude__4.png; https://raw.githubusercontent.com/arzL2o/roca-tile-2026-images/main/swatches/pro__sand__1.png; https://raw.githubusercontent.com/arzL2o/roca-tile-2026-images/main/swatches/pro__concrete__1.png; https://raw.githubusercontent.com/arzL2o/roca-tile-2026-images/main/swatches/pro__concrete__2.png; https://raw.githubusercontent.com/arzL2o/roca-tile-2026-images/main/swatches/pro__concrete__3.png; https://raw.githubusercontent.com/arzL2o/roca-tile-2026-images/main/swatches/pro__concrete__4.png; https://raw.githubusercontent.com/arzL2o/roca-tile-2026-images/main/swatches/pro__cement__1.png; https://raw.githubusercontent.com/arzL2o/roca-tile-2026-images/main/swatches/pro__cement__2.png","https://raw.githubusercontent.com/arzL2o/roca-tile-2026-images/main/lifestyle/pro__lifestyle__1.jpg; https://raw.githubusercontent.com/arzL2o/roca-tile-2026-images/main/lifestyle/pro__lifestyle__2.jpg; https://raw.githubusercontent.com/arzL2o/roca-tile-2026-images/main/lifestyle/pro__lifestyle__3.jpg; https://raw.githubusercontent.com/arzL2o/roca-tile-2026-images/main/lifestyle/pro__lifestyle__4.jpg; https://raw.githubusercontent.com/arzL2o/roca-tile-2026-images/main/lifestyle/pro__lifestyle__5.jpg; https://raw.githubusercontent.com/arzL2o/roca-tile-2026-images/main/lifestyle/pro__lifestyle__6.jpg",""
"Pro Max","","Glazed Porcelain","INDUSTRIA L","","24""x24"" R; 12""x24"" R","5","Sand | Ivory | Nude | Cement | Concrete","Sand [https://raw.githubusercontent.com/arzL2o/roca-tile-2026-images/main/swatches/pro-max__sand__1.png] | Ivory [https://raw.githubusercontent.com/arzL2o/roca-tile-2026-images/main/swatches/pro-max__ivory__1.png] | Nude [https://raw.githubusercontent.com/arzL2o/roca-tile-2026-images/main/swatches/pro-max__nude__1.png] | Cement [https://raw.githubusercontent.com/arzL2o/roca-tile-2026-images/main/swatches/pro-max__cement__1.png] | Concrete [https://raw.githubusercontent.com/arzL2o/roca-tile-2026-images/main/swatches/pro-max__concrete__1.png]","https://raw.githubusercontent.com/arzL2o/roca-tile-2026-images/main/swatches/pro-max__sand__1.png; https://raw.githubusercontent.com/arzL2o/roca-tile-2026-images/main/swatches/pro-max__ivory__1.png; https://raw.githubusercontent.com/arzL2o/roca-tile-2026-images/main/swatches/pro-max__nude__1.png; https://raw.githubusercontent.com/arzL2o/roca-tile-2026-images/main/swatches/pro-max__cement__1.png; https://raw.githubusercontent.com/arzL2o/roca-tile-2026-images/main/swatches/pro-max__concrete__1.png","https://raw.githubusercontent.com/arzL2o/roca-tile-2026-images/main/lifestyle/pro-max__lifestyle__1.jpg",""
"Riviere","","Glazed Porcelain","MA RBLES","","12""x24"" R; 24""x24"" R; 24""x48"" R","16","Gris | conquers space with the quiet elegance of the essential. | Rigato Beige | Rigato Gris | Beige | water, Riviere conveys calm, elegance and authenticity. The | surface of this porcelain tile is characterised by a matte, | almost silky background from which subtle veins emerge | that are only revealed with light, adding movement and a | genuinely organic effect. This effect is amplified by InTech+ | technology, which captures the tonal variations, reliefs and | nuances with the maximum precision that make each piece | a living surface. When walking on Riviere, you can feel the | duality that defines it: subtlety and character. The calm, | contemporary base comes to life through delicate veins that | give it an organic movement. With these features, Riviere","Gris [https://raw.githubusercontent.com/arzL2o/roca-tile-2026-images/main/swatches/riviere__gris__1.png] | conquers space with the quiet elegance of the essential. [https://raw.githubusercontent.com/arzL2o/roca-tile-2026-images/main/swatches/riviere__conquers-space-with-the-quiet-elegance-of-the-essential__1.png, https://raw.githubusercontent.com/arzL2o/roca-tile-2026-images/main/swatches/riviere__conquers-space-with-the-quiet-elegance-of-the-essential__2.png] | Rigato Beige [https://raw.githubusercontent.com/arzL2o/roca-tile-2026-images/main/swatches/riviere__rigato-beige__1.png] | Rigato Gris [https://raw.githubusercontent.com/arzL2o/roca-tile-2026-images/main/swatches/riviere__rigato-gris__1.png, https://raw.githubusercontent.com/arzL2o/roca-tile-2026-images/main/swatches/riviere__rigato-gris__2.png] | Beige [no image extracted] | water, Riviere conveys calm, elegance and authenticity. The [no image extracted] | surface of this porcelain tile is characterised by a matte, [no image extracted] | almost silky background from which subtle veins emerge [no image extracted] | that are only revealed with light, adding movement and a [no image extracted] | genuinely organic effect. This effect is amplified by InTech+ [no image extracted] | technology, which captures the tonal variations, reliefs and [no image extracted] | nuances with the maximum precision that make each piece [no image extracted] | a living surface. When walking on Riviere, you can feel the [no image extracted] | duality that defines it: subtlety and character. The calm, [no image extracted] | contemporary base comes to life through delicate veins that [no image extracted] | give it an organic movement. With these features, Riviere [no image extracted]","https://raw.githubusercontent.com/arzL2o/roca-tile-2026-images/main/swatches/riviere__gris__1.png; https://raw.githubusercontent.com/arzL2o/roca-tile-2026-images/main/swatches/riviere__conquers-space-with-the-quiet-elegance-of-the-essential__1.png; https://raw.githubusercontent.com/arzL2o/roca-tile-2026-images/main/swatches/riviere__conquers-space-with-the-quiet-elegance-of-the-essential__2.png; https://raw.githubusercontent.com/arzL2o/roca-tile-2026-images/main/swatches/riviere__rigato-beige__1.png; https://raw.githubusercontent.com/arzL2o/roca-tile-2026-images/main/swatches/riviere__rigato-gris__1.png; https://raw.githubusercontent.com/arzL2o/roca-tile-2026-images/main/swatches/riviere__rigato-gris__2.png","https://raw.githubusercontent.com/arzL2o/roca-tile-2026-images/main/lifestyle/riviere__lifestyle__1.jpg",""
"Rockart","","Natural Stone & Glass Mosaics","MOSA ICS","Our Rockart stone mosaics add sophistication along with an element of design to any space. Explore the different colors, shapes and finishes this series has to offer.","12""x13""; 12""x14""; 10""x12""; 11""x12""; 12""x12""; 10""x11""; 2""x10""","0","","","","https://raw.githubusercontent.com/arzL2o/roca-tile-2026-images/main/lifestyle/rockart__lifestyle__1.jpg; https://raw.githubusercontent.com/arzL2o/roca-tile-2026-images/main/lifestyle/rockart__lifestyle__2.jpg; https://raw.githubusercontent.com/arzL2o/roca-tile-2026-images/main/lifestyle/rockart__lifestyle__3.jpg",""
"Sahara Noir","Slabs","Matte & Polished Porcelain","MARBLES - STONES - CONCRETES","","48""x48"" R; 24""x48"" R","1","Sahara Noir","Sahara Noir [https://raw.githubusercontent.com/arzL2o/roca-tile-2026-images/main/swatches/sahara-noir__sahara-noir__1.png]","https://raw.githubusercontent.com/arzL2o/roca-tile-2026-images/main/swatches/sahara-noir__sahara-noir__1.png","https://raw.githubusercontent.com/arzL2o/roca-tile-2026-images/main/lifestyle/sahara-noir__lifestyle__1.jpg",""
"Savoy","","Glazed Porcelain","STONES","Experience timeless elegance with Savoy - a stunning tile collection inspired by the natural beauty of travertine, rapolano, and fiorito stone. Each tile features a unique blend of beige and gray tones, designed to be mixed and matched for a personalized and sophisticated look.","24""x48"" R; 12""x24"" R","6","Travertine Gray | Travertine Beige | Fiorito Gray | Fiorito Beige | Rapolano Gray | Rapolano Beige","Travertine Gray [https://raw.githubusercontent.com/arzL2o/roca-tile-2026-images/main/swatches/savoy__travertine-gray__1.png] | Travertine Beige [https://raw.githubusercontent.com/arzL2o/roca-tile-2026-images/main/swatches/savoy__travertine-beige__1.png] | Fiorito Gray [https://raw.githubusercontent.com/arzL2o/roca-tile-2026-images/main/swatches/savoy__fiorito-gray__1.png] | Fiorito Beige [https://raw.githubusercontent.com/arzL2o/roca-tile-2026-images/main/swatches/savoy__fiorito-beige__1.png] | Rapolano Gray [https://raw.githubusercontent.com/arzL2o/roca-tile-2026-images/main/swatches/savoy__rapolano-gray__1.png, https://raw.githubusercontent.com/arzL2o/roca-tile-2026-images/main/swatches/savoy__rapolano-gray__2.png] | Rapolano Beige [https://raw.githubusercontent.com/arzL2o/roca-tile-2026-images/main/swatches/savoy__rapolano-beige__1.png, https://raw.githubusercontent.com/arzL2o/roca-tile-2026-images/main/swatches/savoy__rapolano-beige__2.png]","https://raw.githubusercontent.com/arzL2o/roca-tile-2026-images/main/swatches/savoy__travertine-gray__1.png; https://raw.githubusercontent.com/arzL2o/roca-tile-2026-images/main/swatches/savoy__travertine-beige__1.png; https://raw.githubusercontent.com/arzL2o/roca-tile-2026-images/main/swatches/savoy__fiorito-gray__1.png; https://raw.githubusercontent.com/arzL2o/roca-tile-2026-images/main/swatches/savoy__fiorito-beige__1.png; https://raw.githubusercontent.com/arzL2o/roca-tile-2026-images/main/swatches/savoy__rapolano-gray__1.png; https://raw.githubusercontent.com/arzL2o/roca-tile-2026-images/main/swatches/savoy__rapolano-gray__2.png; https://raw.githubusercontent.com/arzL2o/roca-tile-2026-images/main/swatches/savoy__rapolano-beige__1.png; https://raw.githubusercontent.com/arzL2o/roca-tile-2026-images/main/swatches/savoy__rapolano-beige__2.png","https://raw.githubusercontent.com/arzL2o/roca-tile-2026-images/main/lifestyle/savoy__lifestyle__1.jpg; https://raw.githubusercontent.com/arzL2o/roca-tile-2026-images/main/lifestyle/savoy__lifestyle__2.jpg",""
"Serena","","Glazed Porcelain","STONES","Serena blends modernity, nature, and harmony through a masterful design alchemy. Drawing inspiration from the timeless appeal of classic stone, Serena seamlessly merges the remarkable characteristics of Portland stone with the warm, natural tones of limestone and coral. Its delicate texture and unmatched uniqueness create a perfect balance of elegance and authenticity.","48""x110"" R; 48""x48"" R; 24""x48"" R; 12""x24"" R","4","Crosscut Bone | Veincut Bone | Crosscut Moka | Veincut Moka","Crosscut Bone [https://raw.githubusercontent.com/arzL2o/roca-tile-2026-images/main/swatches/serena__crosscut-bone__1.png, https://raw.githubusercontent.com/arzL2o/roca-tile-2026-images/main/swatches/serena__crosscut-bone__2.png] | Veincut Bone [https://raw.githubusercontent.com/arzL2o/roca-tile-2026-images/main/swatches/serena__veincut-bone__1.png, https://raw.githubusercontent.com/arzL2o/roca-tile-2026-images/main/swatches/serena__veincut-bone__2.png] | Crosscut Moka [https://raw.githubusercontent.com/arzL2o/roca-tile-2026-images/main/swatches/serena__crosscut-moka__1.png, https://raw.githubusercontent.com/arzL2o/roca-tile-2026-images/main/swatches/serena__crosscut-moka__2.png] | Veincut Moka [https://raw.githubusercontent.com/arzL2o/roca-tile-2026-images/main/swatches/serena__veincut-moka__1.png, https://raw.githubusercontent.com/arzL2o/roca-tile-2026-images/main/swatches/serena__veincut-moka__2.png]","https://raw.githubusercontent.com/arzL2o/roca-tile-2026-images/main/swatches/serena__crosscut-bone__1.png; https://raw.githubusercontent.com/arzL2o/roca-tile-2026-images/main/swatches/serena__crosscut-bone__2.png; https://raw.githubusercontent.com/arzL2o/roca-tile-2026-images/main/swatches/serena__veincut-bone__1.png; https://raw.githubusercontent.com/arzL2o/roca-tile-2026-images/main/swatches/serena__veincut-bone__2.png; https://raw.githubusercontent.com/arzL2o/roca-tile-2026-images/main/swatches/serena__crosscut-moka__1.png; https://raw.githubusercontent.com/arzL2o/roca-tile-2026-images/main/swatches/serena__crosscut-moka__2.png; https://raw.githubusercontent.com/arzL2o/roca-tile-2026-images/main/swatches/serena__veincut-moka__1.png; https://raw.githubusercontent.com/arzL2o/roca-tile-2026-images/main/swatches/serena__veincut-moka__2.png","https://raw.githubusercontent.com/arzL2o/roca-tile-2026-images/main/lifestyle/serena__lifestyle__1.jpg; https://raw.githubusercontent.com/arzL2o/roca-tile-2026-images/main/lifestyle/serena__lifestyle__2.jpg",""
"St Tropez","","Ceramic Wall","HA NDMA DE","Bold colors in a handmade look that will add a Mediterranean feel to any design. Add a pop of color and distinct style to your living spaces with our St. Tropez collection.","5""x5""; 2.5""x5""","6","Gris | Blanco | Azul | Bronce | Coral | Verde","Gris [https://raw.githubusercontent.com/arzL2o/roca-tile-2026-images/main/swatches/st-tropez__gris__1.png] | Blanco [https://raw.githubusercontent.com/arzL2o/roca-tile-2026-images/main/swatches/st-tropez__blanco__1.png] | Azul [https://raw.githubusercontent.com/arzL2o/roca-tile-2026-images/main/swatches/st-tropez__azul__1.png] | Bronce [https://raw.githubusercontent.com/arzL2o/roca-tile-2026-images/main/swatches/st-tropez__bronce__1.png] | Coral [https://raw.githubusercontent.com/arzL2o/roca-tile-2026-images/main/swatches/st-tropez__coral__1.png] | Verde [https://raw.githubusercontent.com/arzL2o/roca-tile-2026-images/main/swatches/st-tropez__verde__1.png]","https://raw.githubusercontent.com/arzL2o/roca-tile-2026-images/main/swatches/st-tropez__gris__1.png; https://raw.githubusercontent.com/arzL2o/roca-tile-2026-images/main/swatches/st-tropez__blanco__1.png; https://raw.githubusercontent.com/arzL2o/roca-tile-2026-images/main/swatches/st-tropez__azul__1.png; https://raw.githubusercontent.com/arzL2o/roca-tile-2026-images/main/swatches/st-tropez__bronce__1.png; https://raw.githubusercontent.com/arzL2o/roca-tile-2026-images/main/swatches/st-tropez__coral__1.png; https://raw.githubusercontent.com/arzL2o/roca-tile-2026-images/main/swatches/st-tropez__verde__1.png","https://raw.githubusercontent.com/arzL2o/roca-tile-2026-images/main/lifestyle/st-tropez__lifestyle__1.jpg",""
"Statuary","","Matte & Polished Porcelain","MA RBLES","Statuary, the spirit of marble. A contemporary take on natural Italian marble setting new standards in styles and trends whilst conserving all its prestige and quality. A faithful ceramic adaptation of the marble par excellence. The same texture, the same aesthetic effect, but with more design input and enhanced functionality.","35""x35"" R; 24""x24"" R; 24""x48"" R","2","Statuary UP | Statuary PO","Statuary UP [https://raw.githubusercontent.com/arzL2o/roca-tile-2026-images/main/swatches/statuary__statuary-up__1.png, https://raw.githubusercontent.com/arzL2o/roca-tile-2026-images/main/swatches/statuary__statuary-up__2.png, https://raw.githubusercontent.com/arzL2o/roca-tile-2026-images/main/swatches/statuary__statuary-up__3.png] | Statuary PO [https://raw.githubusercontent.com/arzL2o/roca-tile-2026-images/main/swatches/statuary__statuary-po__1.png, https://raw.githubusercontent.com/arzL2o/roca-tile-2026-images/main/swatches/statuary__statuary-po__2.png, https://raw.githubusercontent.com/arzL2o/roca-tile-2026-images/main/swatches/statuary__statuary-po__3.png]","https://raw.githubusercontent.com/arzL2o/roca-tile-2026-images/main/swatches/statuary__statuary-up__1.png; https://raw.githubusercontent.com/arzL2o/roca-tile-2026-images/main/swatches/statuary__statuary-up__2.png; https://raw.githubusercontent.com/arzL2o/roca-tile-2026-images/main/swatches/statuary__statuary-up__3.png; https://raw.githubusercontent.com/arzL2o/roca-tile-2026-images/main/swatches/statuary__statuary-po__1.png; https://raw.githubusercontent.com/arzL2o/roca-tile-2026-images/main/swatches/statuary__statuary-po__2.png; https://raw.githubusercontent.com/arzL2o/roca-tile-2026-images/main/swatches/statuary__statuary-po__3.png","https://raw.githubusercontent.com/arzL2o/roca-tile-2026-images/main/lifestyle/statuary__lifestyle__1.jpg",""
"Statuary Wall","","Ceramic Wall","MA RBLES","","4""x10""; 3""x6""; 6""x18""; 3""x12""","1","Statuary","Statuary [https://raw.githubusercontent.com/arzL2o/roca-tile-2026-images/main/swatches/statuary-wall__statuary__1.png, https://raw.githubusercontent.com/arzL2o/roca-tile-2026-images/main/swatches/statuary-wall__statuary__2.png, https://raw.githubusercontent.com/arzL2o/roca-tile-2026-images/main/swatches/statuary-wall__statuary__3.png, https://raw.githubusercontent.com/arzL2o/roca-tile-2026-images/main/swatches/statuary-wall__statuary__4.png]","https://raw.githubusercontent.com/arzL2o/roca-tile-2026-images/main/swatches/statuary-wall__statuary__1.png; https://raw.githubusercontent.com/arzL2o/roca-tile-2026-images/main/swatches/statuary-wall__statuary__2.png; https://raw.githubusercontent.com/arzL2o/roca-tile-2026-images/main/swatches/statuary-wall__statuary__3.png; https://raw.githubusercontent.com/arzL2o/roca-tile-2026-images/main/swatches/statuary-wall__statuary__4.png","https://raw.githubusercontent.com/arzL2o/roca-tile-2026-images/main/lifestyle/statuary-wall__lifestyle__1.jpg",""
"Stone Basel","","Glazed Porcelain","STONES","Stone Basel replicates the soft touch of volcanic rock polished by water and its texture under light in a porcelain proposal for both floor and wall. This collection is ideal for those who seek perfection and take care of every detail.","24""x48"" R; 12""x24"" R","3","Caliza | Gris | Grafito","Caliza [https://raw.githubusercontent.com/arzL2o/roca-tile-2026-images/main/swatches/stone-basel__caliza__1.png] | Gris [https://raw.githubusercontent.com/arzL2o/roca-tile-2026-images/main/swatches/stone-basel__gris__1.png] | Grafito [https://raw.githubusercontent.com/arzL2o/roca-tile-2026-images/main/swatches/stone-basel__grafito__1.png]","https://raw.githubusercontent.com/arzL2o/roca-tile-2026-images/main/swatches/stone-basel__caliza__1.png; https://raw.githubusercontent.com/arzL2o/roca-tile-2026-images/main/swatches/stone-basel__gris__1.png; https://raw.githubusercontent.com/arzL2o/roca-tile-2026-images/main/swatches/stone-basel__grafito__1.png","https://raw.githubusercontent.com/arzL2o/roca-tile-2026-images/main/lifestyle/stone-basel__lifestyle__1.jpg",""
"Tegel","","Ceramic Wall","HA NDMA DE","The Tegel collection merges traditional and modern contemporary, vibrant graphics. These luxurious tiles transform spaces into visually stunning displays, blending timeless charm with modern design flair.","3""x6""","4","Off White | Terra | Forest | Taupe","Off White [https://raw.githubusercontent.com/arzL2o/roca-tile-2026-images/main/swatches/tegel__off-white__1.png] | Terra [https://raw.githubusercontent.com/arzL2o/roca-tile-2026-images/main/swatches/tegel__terra__1.png] | Forest [https://raw.githubusercontent.com/arzL2o/roca-tile-2026-images/main/swatches/tegel__forest__1.png] | Taupe [https://raw.githubusercontent.com/arzL2o/roca-tile-2026-images/main/swatches/tegel__taupe__1.png]","https://raw.githubusercontent.com/arzL2o/roca-tile-2026-images/main/swatches/tegel__off-white__1.png; https://raw.githubusercontent.com/arzL2o/roca-tile-2026-images/main/swatches/tegel__terra__1.png; https://raw.githubusercontent.com/arzL2o/roca-tile-2026-images/main/swatches/tegel__forest__1.png; https://raw.githubusercontent.com/arzL2o/roca-tile-2026-images/main/swatches/tegel__taupe__1.png","https://raw.githubusercontent.com/arzL2o/roca-tile-2026-images/main/lifestyle/tegel__lifestyle__1.jpg",""
"Terranova","","Glazed Porcelain","STONES","The natural elegance of an intense black and the satin touch of slate. This collection evokes the eroded effect of natural stone plus the unalterable performance of porcelain. Perfect for interiors that aim to be a refuge where everyone feels at home.","24""x48"" R; 12""x24"" R","1","Negro","Negro [https://raw.githubusercontent.com/arzL2o/roca-tile-2026-images/main/swatches/terranova__negro__1.png, https://raw.githubusercontent.com/arzL2o/roca-tile-2026-images/main/swatches/terranova__negro__2.png]","https://raw.githubusercontent.com/arzL2o/roca-tile-2026-images/main/swatches/terranova__negro__1.png; https://raw.githubusercontent.com/arzL2o/roca-tile-2026-images/main/swatches/terranova__negro__2.png","https://raw.githubusercontent.com/arzL2o/roca-tile-2026-images/main/lifestyle/terranova__lifestyle__1.jpg; https://raw.githubusercontent.com/arzL2o/roca-tile-2026-images/main/lifestyle/terranova__lifestyle__2.jpg",""
"Tissue","","Ceramic Wall","3 D - TEXTURES","A series that speaks for itself. With its wavy, organic reliefs and its white matte finish, Tissue is the perfect choice to bring continuity and elegance to your next project.","16""x48"" R","1","White","White [https://raw.githubusercontent.com/arzL2o/roca-tile-2026-images/main/swatches/tissue__white__1.png, https://raw.githubusercontent.com/arzL2o/roca-tile-2026-images/main/swatches/tissue__white__2.png, https://raw.githubusercontent.com/arzL2o/roca-tile-2026-images/main/swatches/tissue__white__3.png, https://raw.githubusercontent.com/arzL2o/roca-tile-2026-images/main/swatches/tissue__white__4.png]","https://raw.githubusercontent.com/arzL2o/roca-tile-2026-images/main/swatches/tissue__white__1.png; https://raw.githubusercontent.com/arzL2o/roca-tile-2026-images/main/swatches/tissue__white__2.png; https://raw.githubusercontent.com/arzL2o/roca-tile-2026-images/main/swatches/tissue__white__3.png; https://raw.githubusercontent.com/arzL2o/roca-tile-2026-images/main/swatches/tissue__white__4.png","https://raw.githubusercontent.com/arzL2o/roca-tile-2026-images/main/lifestyle/tissue__lifestyle__1.jpg; https://raw.githubusercontent.com/arzL2o/roca-tile-2026-images/main/lifestyle/tissue__lifestyle__2.jpg",""
"Trevi","","Glazed Porcelain","STONES","Cut vein travertine re-defined. Our Trevi Collection is a soft and elegant interpretation of this stone. This collection comes in a single format with a neutral color palette.","12""x24""","3","Silver | Bianco | Almond","Silver [https://raw.githubusercontent.com/arzL2o/roca-tile-2026-images/main/swatches/trevi__silver__1.png] | Bianco [https://raw.githubusercontent.com/arzL2o/roca-tile-2026-images/main/swatches/trevi__bianco__1.png] | Almond [https://raw.githubusercontent.com/arzL2o/roca-tile-2026-images/main/swatches/trevi__almond__1.png]","https://raw.githubusercontent.com/arzL2o/roca-tile-2026-images/main/swatches/trevi__silver__1.png; https://raw.githubusercontent.com/arzL2o/roca-tile-2026-images/main/swatches/trevi__bianco__1.png; https://raw.githubusercontent.com/arzL2o/roca-tile-2026-images/main/swatches/trevi__almond__1.png","https://raw.githubusercontent.com/arzL2o/roca-tile-2026-images/main/lifestyle/trevi__lifestyle__1.jpg",""
"Unique Ground","","Glazed Porcelain","STONES","Accurately reproduces the Italian stone “Ceppo di Gre” with large pebbles and mineral sediments embedded in its surface. The Unique Ground series, along with its neutral and chromatic hues, is elegant and sophisticated.","24""x48"" R","2","Bone | Gray","Bone [https://raw.githubusercontent.com/arzL2o/roca-tile-2026-images/main/swatches/unique-ground__bone__1.png, https://raw.githubusercontent.com/arzL2o/roca-tile-2026-images/main/swatches/unique-ground__bone__2.png] | Gray [https://raw.githubusercontent.com/arzL2o/roca-tile-2026-images/main/swatches/unique-ground__gray__1.png, https://raw.githubusercontent.com/arzL2o/roca-tile-2026-images/main/swatches/unique-ground__gray__2.png]","https://raw.githubusercontent.com/arzL2o/roca-tile-2026-images/main/swatches/unique-ground__bone__1.png; https://raw.githubusercontent.com/arzL2o/roca-tile-2026-images/main/swatches/unique-ground__bone__2.png; https://raw.githubusercontent.com/arzL2o/roca-tile-2026-images/main/swatches/unique-ground__gray__1.png; https://raw.githubusercontent.com/arzL2o/roca-tile-2026-images/main/swatches/unique-ground__gray__2.png","https://raw.githubusercontent.com/arzL2o/roca-tile-2026-images/main/lifestyle/unique-ground__lifestyle__1.jpg",""
"Venato","","Matte & Polished Porcelain","MA RBLES","The Statuario Venato series is inspired by this precious and timeless Italian marble, with veins in shades of gray that run longitudinally through its pieces. Available in polished and matte finishes, HD printing brings this porcelain to life with its realism, elegance and contemporary character.","24""x48"" R; 12""x24"" R","1","White","White [https://raw.githubusercontent.com/arzL2o/roca-tile-2026-images/main/swatches/venato__white__1.png, https://raw.githubusercontent.com/arzL2o/roca-tile-2026-images/main/swatches/venato__white__2.png, https://raw.githubusercontent.com/arzL2o/roca-tile-2026-images/main/swatches/venato__white__3.png, https://raw.githubusercontent.com/arzL2o/roca-tile-2026-images/main/swatches/venato__white__4.png, https://raw.githubusercontent.com/arzL2o/roca-tile-2026-images/main/swatches/venato__white__5.png, https://raw.githubusercontent.com/arzL2o/roca-tile-2026-images/main/swatches/venato__white__6.png, https://raw.githubusercontent.com/arzL2o/roca-tile-2026-images/main/swatches/venato__white__7.png, https://raw.githubusercontent.com/arzL2o/roca-tile-2026-images/main/swatches/venato__white__8.png]","https://raw.githubusercontent.com/arzL2o/roca-tile-2026-images/main/swatches/venato__white__1.png; https://raw.githubusercontent.com/arzL2o/roca-tile-2026-images/main/swatches/venato__white__2.png; https://raw.githubusercontent.com/arzL2o/roca-tile-2026-images/main/swatches/venato__white__3.png; https://raw.githubusercontent.com/arzL2o/roca-tile-2026-images/main/swatches/venato__white__4.png; https://raw.githubusercontent.com/arzL2o/roca-tile-2026-images/main/swatches/venato__white__5.png; https://raw.githubusercontent.com/arzL2o/roca-tile-2026-images/main/swatches/venato__white__6.png; https://raw.githubusercontent.com/arzL2o/roca-tile-2026-images/main/swatches/venato__white__7.png; https://raw.githubusercontent.com/arzL2o/roca-tile-2026-images/main/swatches/venato__white__8.png","https://raw.githubusercontent.com/arzL2o/roca-tile-2026-images/main/lifestyle/venato__lifestyle__1.jpg",""
"Weston","","Glazed Ceramic","MA RBLES","A Mesmerizing Hybrid of Marble’s Elegance and Stone’s Strength. Experience a unique textural journey, elevating spaces with timeless sophistication.","12""x24""; 17""x17""; 13""x13""","4","White | Beige | Brown | Gray","White [https://raw.githubusercontent.com/arzL2o/roca-tile-2026-images/main/swatches/weston__white__1.png] | Beige [https://raw.githubusercontent.com/arzL2o/roca-tile-2026-images/main/swatches/weston__beige__1.png] | Brown [https://raw.githubusercontent.com/arzL2o/roca-tile-2026-images/main/swatches/weston__brown__1.png] | Gray [https://raw.githubusercontent.com/arzL2o/roca-tile-2026-images/main/swatches/weston__gray__1.png]","https://raw.githubusercontent.com/arzL2o/roca-tile-2026-images/main/swatches/weston__white__1.png; https://raw.githubusercontent.com/arzL2o/roca-tile-2026-images/main/swatches/weston__beige__1.png; https://raw.githubusercontent.com/arzL2o/roca-tile-2026-images/main/swatches/weston__brown__1.png; https://raw.githubusercontent.com/arzL2o/roca-tile-2026-images/main/swatches/weston__gray__1.png","https://raw.githubusercontent.com/arzL2o/roca-tile-2026-images/main/lifestyle/weston__lifestyle__1.jpg",""
"Wind","","Ceramic Wall","3 D - TEXTURES","The Wind series presents longitudinal reliefs at different heights, inspired by the dynamics of the wind. Available in a white matte finish, it brings sophistication to projects of any style.","16""x48"" R","1","White","White [https://raw.githubusercontent.com/arzL2o/roca-tile-2026-images/main/swatches/wind__white__1.png, https://raw.githubusercontent.com/arzL2o/roca-tile-2026-images/main/swatches/wind__white__2.png, https://raw.githubusercontent.com/arzL2o/roca-tile-2026-images/main/swatches/wind__white__3.png, https://raw.githubusercontent.com/arzL2o/roca-tile-2026-images/main/swatches/wind__white__4.png]","https://raw.githubusercontent.com/arzL2o/roca-tile-2026-images/main/swatches/wind__white__1.png; https://raw.githubusercontent.com/arzL2o/roca-tile-2026-images/main/swatches/wind__white__2.png; https://raw.githubusercontent.com/arzL2o/roca-tile-2026-images/main/swatches/wind__white__3.png; https://raw.githubusercontent.com/arzL2o/roca-tile-2026-images/main/swatches/wind__white__4.png","https://raw.githubusercontent.com/arzL2o/roca-tile-2026-images/main/lifestyle/wind__lifestyle__1.jpg; https://raw.githubusercontent.com/arzL2o/roca-tile-2026-images/main/lifestyle/wind__lifestyle__2.jpg",""
"Winter","","Ceramic Wall","HA NDMA DE","The Winter collection replicates the neutral tones of concrete in a bright, wavy and irregular surface, creating a handmade look that will warm up any space.","8""x24""","3","Blanco | Beige | Gris","Blanco [https://raw.githubusercontent.com/arzL2o/roca-tile-2026-images/main/swatches/winter__blanco__1.png] | Beige [https://raw.githubusercontent.com/arzL2o/roca-tile-2026-images/main/swatches/winter__beige__1.png, https://raw.githubusercontent.com/arzL2o/roca-tile-2026-images/main/swatches/winter__beige__2.png] | Gris [https://raw.githubusercontent.com/arzL2o/roca-tile-2026-images/main/swatches/winter__gris__1.png, https://raw.githubusercontent.com/arzL2o/roca-tile-2026-images/main/swatches/winter__gris__2.png, https://raw.githubusercontent.com/arzL2o/roca-tile-2026-images/main/swatches/winter__gris__3.png]","https://raw.githubusercontent.com/arzL2o/roca-tile-2026-images/main/swatches/winter__blanco__1.png; https://raw.githubusercontent.com/arzL2o/roca-tile-2026-images/main/swatches/winter__beige__1.png; https://raw.githubusercontent.com/arzL2o/roca-tile-2026-images/main/swatches/winter__beige__2.png; https://raw.githubusercontent.com/arzL2o/roca-tile-2026-images/main/swatches/winter__gris__1.png; https://raw.githubusercontent.com/arzL2o/roca-tile-2026-images/main/swatches/winter__gris__2.png; https://raw.githubusercontent.com/arzL2o/roca-tile-2026-images/main/swatches/winter__gris__3.png","https://raw.githubusercontent.com/arzL2o/roca-tile-2026-images/main/lifestyle/winter__lifestyle__1.jpg",""
"Zellige","","Ceramic Wall","HA NDMA DE","Inspired by ancient Moroccan tiles, the glossy finish and long, rectangular shape, irregular edges, and exquisite color range of the Zellige series are bound to create magical spaces.","2.5""x16""","5","Dark Gray | Tender Gray | White | Emerald Green | Deep Blue","Dark Gray [https://raw.githubusercontent.com/arzL2o/roca-tile-2026-images/main/swatches/zellige__dark-gray__1.png] | Tender Gray [https://raw.githubusercontent.com/arzL2o/roca-tile-2026-images/main/swatches/zellige__tender-gray__1.png] | White [https://raw.githubusercontent.com/arzL2o/roca-tile-2026-images/main/swatches/zellige__white__1.png] | Emerald Green [https://raw.githubusercontent.com/arzL2o/roca-tile-2026-images/main/swatches/zellige__emerald-green__1.png] | Deep Blue [https://raw.githubusercontent.com/arzL2o/roca-tile-2026-images/main/swatches/zellige__deep-blue__1.png]","https://raw.githubusercontent.com/arzL2o/roca-tile-2026-images/main/swatches/zellige__dark-gray__1.png; https://raw.githubusercontent.com/arzL2o/roca-tile-2026-images/main/swatches/zellige__tender-gray__1.png; https://raw.githubusercontent.com/arzL2o/roca-tile-2026-images/main/swatches/zellige__white__1.png; https://raw.githubusercontent.com/arzL2o/roca-tile-2026-images/main/swatches/zellige__emerald-green__1.png; https://raw.githubusercontent.com/arzL2o/roca-tile-2026-images/main/swatches/zellige__deep-blue__1.png","https://raw.githubusercontent.com/arzL2o/roca-tile-2026-images/main/lifestyle/zellige__lifestyle__1.jpg",""
"Zen","","Ceramic Wall","3 D - TEXTURES","The horizontal geometric reliefs of our Zen series, combined with its white matte and black matte finish will fill your spaces with relaxation and harmony.","16""x48"" R","1","White","White [https://raw.githubusercontent.com/arzL2o/roca-tile-2026-images/main/swatches/zen__white__1.png, https://raw.githubusercontent.com/arzL2o/roca-tile-2026-images/main/swatches/zen__white__2.png, https://raw.githubusercontent.com/arzL2o/roca-tile-2026-images/main/swatches/zen__white__3.png, https://raw.githubusercontent.com/arzL2o/roca-tile-2026-images/main/swatches/zen__white__4.png]","https://raw.githubusercontent.com/arzL2o/roca-tile-2026-images/main/swatches/zen__white__1.png; https://raw.githubusercontent.com/arzL2o/roca-tile-2026-images/main/swatches/zen__white__2.png; https://raw.githubusercontent.com/arzL2o/roca-tile-2026-images/main/swatches/zen__white__3.png; https://raw.githubusercontent.com/arzL2o/roca-tile-2026-images/main/swatches/zen__white__4.png","https://raw.githubusercontent.com/arzL2o/roca-tile-2026-images/main/lifestyle/zen__lifestyle__1.jpg; https://raw.githubusercontent.com/arzL2o/roca-tile-2026-images/main/lifestyle/zen__lifestyle__2.jpg",""
